{
"type": "FeatureCollection",
"name": "settlements_points",
"crs": { "type": "name", "properties": { "name": "urn:ogc:def:crs:OGC:1.3:CRS84" } },
"features": [
{ "type": "Feature", "properties": { "settlement_class": "city" }, "geometry": { "type": "Point", "coordinates": [ 36.8172812, -1.2890006 ] } },
{ "type": "Feature", "properties": { "settlement_class": "town" }, "geometry": { "type": "Point", "coordinates": [ 34.5338279, 0.0954435 ] } },
{ "type": "Feature", "properties": { "settlement_class": "town" }, "geometry": { "type": "Point", "coordinates": [ 38.3673001, -3.4047687 ] } },
{ "type": "Feature", "properties": { "settlement_class": "town" }, "geometry": { "type": "Point", "coordinates": [ 37.6290353, -1.7803167 ] } },
{ "type": "Feature", "properties": { "settlement_class": "town" }, "geometry": { "type": "Point", "coordinates": [ 34.7687756, 0.607628 ] } },
{ "type": "Feature", "properties": { "settlement_class": "town" }, "geometry": { "type": "Point", "coordinates": [ 40.0166, -3.35 ] } },
{ "type": "Feature", "properties": { "settlement_class": "town" }, "geometry": { "type": "Point", "coordinates": [ 40.0594959, 1.7504651 ] } },
{ "type": "Feature", "properties": { "settlement_class": "town" }, "geometry": { "type": "Point", "coordinates": [ 38.584327, -3.3976842 ] } },
{ "type": "Feature", "properties": { "settlement_class": "town" }, "geometry": { "type": "Point", "coordinates": [ 39.566161, -4.281409 ] } },
{ "type": "Feature", "properties": { "settlement_class": "town" }, "geometry": { "type": "Point", "coordinates": [ 37.2389064, 0.0859445 ] } },
{ "type": "Feature", "properties": { "settlement_class": "town" }, "geometry": { "type": "Point", "coordinates": [ 36.3666, 0.0333 ] } },
{ "type": "Feature", "properties": { "settlement_class": "town" }, "geometry": { "type": "Point", "coordinates": [ 37.6833, -3.4 ] } },
{ "type": "Feature", "properties": { "settlement_class": "town" }, "geometry": { "type": "Point", "coordinates": [ 39.15, -3.7333 ] } },
{ "type": "Feature", "properties": { "settlement_class": "town" }, "geometry": { "type": "Point", "coordinates": [ 37.3710675, -2.024324 ] } },
{ "type": "Feature", "properties": { "settlement_class": "town" }, "geometry": { "type": "Point", "coordinates": [ 35.5221516, 0.5923883 ] } },
{ "type": "Feature", "properties": { "settlement_class": "town" }, "geometry": { "type": "Point", "coordinates": [ 35.011536, -0.3889862 ] } },
{ "type": "Feature", "properties": { "settlement_class": "town" }, "geometry": { "type": "Point", "coordinates": [ 35.1128348, -0.6882202 ] } },
{ "type": "Feature", "properties": { "settlement_class": "town" }, "geometry": { "type": "Point", "coordinates": [ 37.590108, -2.1549793 ] } },
{ "type": "Feature", "properties": { "settlement_class": "town" }, "geometry": { "type": "Point", "coordinates": [ 39.2753564, -3.7810084 ] } },
{ "type": "Feature", "properties": { "settlement_class": "town" }, "geometry": { "type": "Point", "coordinates": [ 37.208151, -0.666531 ] } },
{ "type": "Feature", "properties": { "settlement_class": "town" }, "geometry": { "type": "Point", "coordinates": [ 36.7844571, -1.205646 ] } },
{ "type": "Feature", "properties": { "settlement_class": "town" }, "geometry": { "type": "Point", "coordinates": [ 35.8620545, -0.1736647 ] } },
{ "type": "Feature", "properties": { "settlement_class": "town" }, "geometry": { "type": "Point", "coordinates": [ 41.2215954, 3.929003 ] } },
{ "type": "Feature", "properties": { "settlement_class": "town" }, "geometry": { "type": "Point", "coordinates": [ 34.734576, -0.509908 ] } },
{ "type": "Feature", "properties": { "settlement_class": "town" }, "geometry": { "type": "Point", "coordinates": [ 34.725029, -0.799565 ] } },
{ "type": "Feature", "properties": { "settlement_class": "town" }, "geometry": { "type": "Point", "coordinates": [ 41.12816, -2.07518 ] } },
{ "type": "Feature", "properties": { "settlement_class": "town" }, "geometry": { "type": "Point", "coordinates": [ 36.0833, -1.1 ] } },
{ "type": "Feature", "properties": { "settlement_class": "town" }, "geometry": { "type": "Point", "coordinates": [ 36.65, -1.3666 ] } },
{ "type": "Feature", "properties": { "settlement_class": "town" }, "geometry": { "type": "Point", "coordinates": [ 36.4387834, -0.7224425 ] } },
{ "type": "Feature", "properties": { "settlement_class": "city" }, "geometry": { "type": "Point", "coordinates": [ 36.0712048, -0.2802724 ] } },
{ "type": "Feature", "properties": { "settlement_class": "town" }, "geometry": { "type": "Point", "coordinates": [ 36.7869821, -2.5450079 ] } },
{ "type": "Feature", "properties": { "settlement_class": "town" }, "geometry": { "type": "Point", "coordinates": [ 38.3795406, -3.5028625 ] } },
{ "type": "Feature", "properties": { "settlement_class": "town" }, "geometry": { "type": "Point", "coordinates": [ 38.0666, -0.9333 ] } },
{ "type": "Feature", "properties": { "settlement_class": "town" }, "geometry": { "type": "Point", "coordinates": [ 37.021229, -0.169126 ] } },
{ "type": "Feature", "properties": { "settlement_class": "town" }, "geometry": { "type": "Point", "coordinates": [ 35.8714916, -1.0886931 ] } },
{ "type": "Feature", "properties": { "settlement_class": "town" }, "geometry": { "type": "Point", "coordinates": [ 37.074632, 0.01403 ] } },
{ "type": "Feature", "properties": { "settlement_class": "town" }, "geometry": { "type": "Point", "coordinates": [ 38.1682147, -2.6893166 ] } },
{ "type": "Feature", "properties": { "settlement_class": "town" }, "geometry": { "type": "Point", "coordinates": [ 34.4895368, 0.3361103 ] } },
{ "type": "Feature", "properties": { "settlement_class": "town" }, "geometry": { "type": "Point", "coordinates": [ 35.732486, -0.246115 ] } },
{ "type": "Feature", "properties": { "settlement_class": "city" }, "geometry": { "type": "Point", "coordinates": [ 39.667169, -4.05052 ] } },
{ "type": "Feature", "properties": { "settlement_class": "town" }, "geometry": { "type": "Point", "coordinates": [ 35.9618378, -0.022313 ] } },
{ "type": "Feature", "properties": { "settlement_class": "town" }, "geometry": { "type": "Point", "coordinates": [ 39.0512683, 3.5241898 ] } },
{ "type": "Feature", "properties": { "settlement_class": "town" }, "geometry": { "type": "Point", "coordinates": [ 39.1666, 0.7333 ] } },
{ "type": "Feature", "properties": { "settlement_class": "town" }, "geometry": { "type": "Point", "coordinates": [ 35.187494, -0.156525 ] } },
{ "type": "Feature", "properties": { "settlement_class": "town" }, "geometry": { "type": "Point", "coordinates": [ 34.4666, -1.0666 ] } },
{ "type": "Feature", "properties": { "settlement_class": "town" }, "geometry": { "type": "Point", "coordinates": [ 34.207587, -0.421886 ] } },
{ "type": "Feature", "properties": { "settlement_class": "city" }, "geometry": { "type": "Point", "coordinates": [ 37.6500063, 0.0499786 ] } },
{ "type": "Feature", "properties": { "settlement_class": "town" }, "geometry": { "type": "Point", "coordinates": [ 39.47377, -3.865835 ] } },
{ "type": "Feature", "properties": { "settlement_class": "town" }, "geometry": { "type": "Point", "coordinates": [ 37.991639, 2.3380612 ] } },
{ "type": "Feature", "properties": { "settlement_class": "town" }, "geometry": { "type": "Point", "coordinates": [ 36.7, 1.1 ] } },
{ "type": "Feature", "properties": { "settlement_class": "town" }, "geometry": { "type": "Point", "coordinates": [ 40.1165933, -3.2165987 ] } },
{ "type": "Feature", "properties": { "settlement_class": "town" }, "geometry": { "type": "Point", "coordinates": [ 41.8573239, 3.9384208 ] } },
{ "type": "Feature", "properties": { "settlement_class": "town" }, "geometry": { "type": "Point", "coordinates": [ 39.5515373, -3.9668056 ] } },
{ "type": "Feature", "properties": { "settlement_class": "town" }, "geometry": { "type": "Point", "coordinates": [ 37.43919, -1.4608 ] } },
{ "type": "Feature", "properties": { "settlement_class": "town" }, "geometry": { "type": "Point", "coordinates": [ 36.2875436, -1.9003643 ] } },
{ "type": "Feature", "properties": { "settlement_class": "town" }, "geometry": { "type": "Point", "coordinates": [ 37.2660878, -1.5212477 ] } },
{ "type": "Feature", "properties": { "settlement_class": "town" }, "geometry": { "type": "Point", "coordinates": [ 39.050154, -3.7330168 ] } },
{ "type": "Feature", "properties": { "settlement_class": "town" }, "geometry": { "type": "Point", "coordinates": [ 34.5851194, 0.0249791 ] } },
{ "type": "Feature", "properties": { "settlement_class": "town" }, "geometry": { "type": "Point", "coordinates": [ 35.4666, -0.2 ] } },
{ "type": "Feature", "properties": { "settlement_class": "town" }, "geometry": { "type": "Point", "coordinates": [ 38.1333, -3.4 ] } },
{ "type": "Feature", "properties": { "settlement_class": "town" }, "geometry": { "type": "Point", "coordinates": [ 37.81954, -2.280636 ] } },
{ "type": "Feature", "properties": { "settlement_class": "town" }, "geometry": { "type": "Point", "coordinates": [ 37.133259, -1.740315 ] } },
{ "type": "Feature", "properties": { "settlement_class": "town" }, "geometry": { "type": "Point", "coordinates": [ 35.2666, -0.1833 ] } },
{ "type": "Feature", "properties": { "settlement_class": "town" }, "geometry": { "type": "Point", "coordinates": [ 35.1880765, -0.5826029 ] } },
{ "type": "Feature", "properties": { "settlement_class": "town" }, "geometry": { "type": "Point", "coordinates": [ 35.7522638, 4.2691168 ] } },
{ "type": "Feature", "properties": { "settlement_class": "town" }, "geometry": { "type": "Point", "coordinates": [ 35.645987, 2.376658 ] } },
{ "type": "Feature", "properties": { "settlement_class": "town" }, "geometry": { "type": "Point", "coordinates": [ 35.6022943, 3.1165858 ] } },
{ "type": "Feature", "properties": { "settlement_class": "town" }, "geometry": { "type": "Point", "coordinates": [ 35.8570234, 3.5327417 ] } },
{ "type": "Feature", "properties": { "settlement_class": "town" }, "geometry": { "type": "Point", "coordinates": [ 34.3600434, 4.2050673 ] } },
{ "type": "Feature", "properties": { "settlement_class": "town" }, "geometry": { "type": "Point", "coordinates": [ 35.5914203, -0.1673204 ] } },
{ "type": "Feature", "properties": { "settlement_class": "town" }, "geometry": { "type": "Point", "coordinates": [ 37.938158, 0.3377545 ] } },
{ "type": "Feature", "properties": { "settlement_class": "town" }, "geometry": { "type": "Point", "coordinates": [ 36.7520106, -1.395968 ] } },
{ "type": "Feature", "properties": { "settlement_class": "town" }, "geometry": { "type": "Point", "coordinates": [ 37.802513, 1.590479 ] } },
{ "type": "Feature", "properties": { "settlement_class": "city" }, "geometry": { "type": "Point", "coordinates": [ 38.0166, -1.3666 ] } },
{ "type": "Feature", "properties": { "settlement_class": "town" }, "geometry": { "type": "Point", "coordinates": [ 35.000236, 1.018076 ] } },
{ "type": "Feature", "properties": { "settlement_class": "town" }, "geometry": { "type": "Point", "coordinates": [ 41.1462492, -2.0734427 ] } },
{ "type": "Feature", "properties": { "settlement_class": "town" }, "geometry": { "type": "Point", "coordinates": [ 34.7677944, -0.6694119 ] } },
{ "type": "Feature", "properties": { "settlement_class": "town" }, "geometry": { "type": "Point", "coordinates": [ 36.6869192, -1.4304885 ] } },
{ "type": "Feature", "properties": { "settlement_class": "town" }, "geometry": { "type": "Point", "coordinates": [ 37.965529, -2.410343 ] } },
{ "type": "Feature", "properties": { "settlement_class": "town" }, "geometry": { "type": "Point", "coordinates": [ 34.88001, -1.008391 ] } },
{ "type": "Feature", "properties": { "settlement_class": "town" }, "geometry": { "type": "Point", "coordinates": [ 34.7166, 0.7833 ] } },
{ "type": "Feature", "properties": { "settlement_class": "town" }, "geometry": { "type": "Point", "coordinates": [ 37.55, -1.7666 ] } },
{ "type": "Feature", "properties": { "settlement_class": "town" }, "geometry": { "type": "Point", "coordinates": [ 39.85, -3.6333 ] } },
{ "type": "Feature", "properties": { "settlement_class": "town" }, "geometry": { "type": "Point", "coordinates": [ 35.2833, -0.3666 ] } },
{ "type": "Feature", "properties": { "settlement_class": "town" }, "geometry": { "type": "Point", "coordinates": [ 34.65, -0.3666 ] } },
{ "type": "Feature", "properties": { "settlement_class": "town" }, "geometry": { "type": "Point", "coordinates": [ 34.9472145, -0.7781996 ] } },
{ "type": "Feature", "properties": { "settlement_class": "town" }, "geometry": { "type": "Point", "coordinates": [ 38.0755919, -2.5944934 ] } },
{ "type": "Feature", "properties": { "settlement_class": "town" }, "geometry": { "type": "Point", "coordinates": [ 37.3472931, -1.3033777 ] } },
{ "type": "Feature", "properties": { "settlement_class": "town" }, "geometry": { "type": "Point", "coordinates": [ 35.0909919, 1.2522515 ] } },
{ "type": "Feature", "properties": { "settlement_class": "town" }, "geometry": { "type": "Point", "coordinates": [ 35.56027, 0.980103 ] } },
{ "type": "Feature", "properties": { "settlement_class": "town" }, "geometry": { "type": "Point", "coordinates": [ 35.1011501, 0.2004978 ] } },
{ "type": "Feature", "properties": { "settlement_class": "town" }, "geometry": { "type": "Point", "coordinates": [ 35.2173904, -0.3184943 ] } },
{ "type": "Feature", "properties": { "settlement_class": "town" }, "geometry": { "type": "Point", "coordinates": [ 35.743139, 0.496524 ] } },
{ "type": "Feature", "properties": { "settlement_class": "town" }, "geometry": { "type": "Point", "coordinates": [ 37.583303, 0.35 ] } },
{ "type": "Feature", "properties": { "settlement_class": "town" }, "geometry": { "type": "Point", "coordinates": [ 39.6321273, -3.814156 ] } },
{ "type": "Feature", "properties": { "settlement_class": "city" }, "geometry": { "type": "Point", "coordinates": [ 34.75, 0.2833 ] } },
{ "type": "Feature", "properties": { "settlement_class": "town" }, "geometry": { "type": "Point", "coordinates": [ 36.789178, -1.84592 ] } },
{ "type": "Feature", "properties": { "settlement_class": "town" }, "geometry": { "type": "Point", "coordinates": [ 35.1212752, 0.87373 ] } },
{ "type": "Feature", "properties": { "settlement_class": "town" }, "geometry": { "type": "Point", "coordinates": [ 34.451983, -0.530371 ] } },
{ "type": "Feature", "properties": { "settlement_class": "town" }, "geometry": { "type": "Point", "coordinates": [ 35.722761, 0.0497446 ] } },
{ "type": "Feature", "properties": { "settlement_class": "town" }, "geometry": { "type": "Point", "coordinates": [ 37.6500021, -0.3332938 ] } },
{ "type": "Feature", "properties": { "settlement_class": "town" }, "geometry": { "type": "Point", "coordinates": [ 38.514354, 0.526714 ] } },
{ "type": "Feature", "properties": { "settlement_class": "city" }, "geometry": { "type": "Point", "coordinates": [ 39.6404713, -0.4567099 ] } },
{ "type": "Feature", "properties": { "settlement_class": "town" }, "geometry": { "type": "Point", "coordinates": [ 40.110755, -2.267735 ] } },
{ "type": "Feature", "properties": { "settlement_class": "town" }, "geometry": { "type": "Point", "coordinates": [ 40.9287789, 2.8076479 ] } },
{ "type": "Feature", "properties": { "settlement_class": "town" }, "geometry": { "type": "Point", "coordinates": [ 41.111676, -2.055955 ] } },
{ "type": "Feature", "properties": { "settlement_class": "town" }, "geometry": { "type": "Point", "coordinates": [ 35.343505, -0.204291 ] } },
{ "type": "Feature", "properties": { "settlement_class": "town" }, "geometry": { "type": "Point", "coordinates": [ 34.2835138, 0.0593318 ] } },
{ "type": "Feature", "properties": { "settlement_class": "town" }, "geometry": { "type": "Point", "coordinates": [ 34.2258, 0.2558 ] } },
{ "type": "Feature", "properties": { "settlement_class": "town" }, "geometry": { "type": "Point", "coordinates": [ 36.971587, -1.4481149 ] } },
{ "type": "Feature", "properties": { "settlement_class": "town" }, "geometry": { "type": "Point", "coordinates": [ 37.66707, 0.638492 ] } },
{ "type": "Feature", "properties": { "settlement_class": "town" }, "geometry": { "type": "Point", "coordinates": [ 34.2024041, 0.3031139 ] } },
{ "type": "Feature", "properties": { "settlement_class": "town" }, "geometry": { "type": "Point", "coordinates": [ 35.3434879, -0.7814456 ] } },
{ "type": "Feature", "properties": { "settlement_class": "town" }, "geometry": { "type": "Point", "coordinates": [ 34.1110943, 0.4643498 ] } },
{ "type": "Feature", "properties": { "settlement_class": "town" }, "geometry": { "type": "Point", "coordinates": [ 39.9430469, -1.0933896 ] } },
{ "type": "Feature", "properties": { "settlement_class": "town" }, "geometry": { "type": "Point", "coordinates": [ 35.980235, 0.468984 ] } },
{ "type": "Feature", "properties": { "settlement_class": "town" }, "geometry": { "type": "Point", "coordinates": [ 36.7833, 1.7833 ] } },
{ "type": "Feature", "properties": { "settlement_class": "town" }, "geometry": { "type": "Point", "coordinates": [ 41.134139, -2.077498 ] } },
{ "type": "Feature", "properties": { "settlement_class": "town" }, "geometry": { "type": "Point", "coordinates": [ 36.7942177, -2.098692 ] } },
{ "type": "Feature", "properties": { "settlement_class": "town" }, "geometry": { "type": "Point", "coordinates": [ 36.5856896, -0.9827242 ] } },
{ "type": "Feature", "properties": { "settlement_class": "town" }, "geometry": { "type": "Point", "coordinates": [ 37.2626469, -1.8501273 ] } },
{ "type": "Feature", "properties": { "settlement_class": "town" }, "geometry": { "type": "Point", "coordinates": [ 37.475521, -2.081915 ] } },
{ "type": "Feature", "properties": { "settlement_class": "town" }, "geometry": { "type": "Point", "coordinates": [ 38.4946554, -3.0872681 ] } },
{ "type": "Feature", "properties": { "settlement_class": "town" }, "geometry": { "type": "Point", "coordinates": [ 40.034911, -1.4976808 ] } },
{ "type": "Feature", "properties": { "settlement_class": "town" }, "geometry": { "type": "Point", "coordinates": [ 36.9517005, -0.4192962 ] } },
{ "type": "Feature", "properties": { "settlement_class": "town" }, "geometry": { "type": "Point", "coordinates": [ 37.650786, -0.473069 ] } },
{ "type": "Feature", "properties": { "settlement_class": "town" }, "geometry": { "type": "Point", "coordinates": [ 37.5996614, -0.3905838 ] } },
{ "type": "Feature", "properties": { "settlement_class": "town" }, "geometry": { "type": "Point", "coordinates": [ 37.2311883, -0.8304827 ] } },
{ "type": "Feature", "properties": { "settlement_class": "town" }, "geometry": { "type": "Point", "coordinates": [ 37.1876037, -0.5634146 ] } },
{ "type": "Feature", "properties": { "settlement_class": "town" }, "geometry": { "type": "Point", "coordinates": [ 36.9999599, -0.3593615 ] } },
{ "type": "Feature", "properties": { "settlement_class": "town" }, "geometry": { "type": "Point", "coordinates": [ 37.125224, -0.482246 ] } },
{ "type": "Feature", "properties": { "settlement_class": "town" }, "geometry": { "type": "Point", "coordinates": [ 36.8252791, -1.1663925 ] } },
{ "type": "Feature", "properties": { "settlement_class": "town" }, "geometry": { "type": "Point", "coordinates": [ 36.7783493, -1.0565221 ] } },
{ "type": "Feature", "properties": { "settlement_class": "town" }, "geometry": { "type": "Point", "coordinates": [ 36.905811, -1.015585 ] } },
{ "type": "Feature", "properties": { "settlement_class": "town" }, "geometry": { "type": "Point", "coordinates": [ 37.077523, -1.036648 ] } },
{ "type": "Feature", "properties": { "settlement_class": "town" }, "geometry": { "type": "Point", "coordinates": [ 39.8434663, -1.194328 ] } },
{ "type": "Feature", "properties": { "settlement_class": "town" }, "geometry": { "type": "Point", "coordinates": [ 39.0176184, -0.7247364 ] } },
{ "type": "Feature", "properties": { "settlement_class": "town" }, "geometry": { "type": "Point", "coordinates": [ 35.0625552, -0.3924048 ] } },
{ "type": "Feature", "properties": { "settlement_class": "town" }, "geometry": { "type": "Point", "coordinates": [ 34.9353592, -0.3110226 ] } },
{ "type": "Feature", "properties": { "settlement_class": "town" }, "geometry": { "type": "Point", "coordinates": [ 34.6270232, 0.0374522 ] } },
{ "type": "Feature", "properties": { "settlement_class": "town" }, "geometry": { "type": "Point", "coordinates": [ 34.9838626, -0.0770616 ] } },
{ "type": "Feature", "properties": { "settlement_class": "town" }, "geometry": { "type": "Point", "coordinates": [ 36.3334904, -1.0494935 ] } },
{ "type": "Feature", "properties": { "settlement_class": "town" }, "geometry": { "type": "Point", "coordinates": [ 34.53172, -0.9079812 ] } },
{ "type": "Feature", "properties": { "settlement_class": "town" }, "geometry": { "type": "Point", "coordinates": [ 34.6036442, -0.7576606 ] } },
{ "type": "Feature", "properties": { "settlement_class": "town" }, "geometry": { "type": "Point", "coordinates": [ 34.4792225, -1.2403216 ] } },
{ "type": "Feature", "properties": { "settlement_class": "town" }, "geometry": { "type": "Point", "coordinates": [ 35.1969762, -0.6315766 ] } },
{ "type": "Feature", "properties": { "settlement_class": "city" }, "geometry": { "type": "Point", "coordinates": [ 41.874179, 3.92761 ] } },
{ "type": "Feature", "properties": { "settlement_class": "town" }, "geometry": { "type": "Point", "coordinates": [ 37.5559212, -0.4509411 ] } },
{ "type": "Feature", "properties": { "settlement_class": "town" }, "geometry": { "type": "Point", "coordinates": [ 34.0904896, 0.4675812 ] } },
{ "type": "Feature", "properties": { "settlement_class": "town" }, "geometry": { "type": "Point", "coordinates": [ 34.2629562, 0.6407313 ] } },
{ "type": "Feature", "properties": { "settlement_class": "town" }, "geometry": { "type": "Point", "coordinates": [ 34.329774, 0.629565 ] } },
{ "type": "Feature", "properties": { "settlement_class": "town" }, "geometry": { "type": "Point", "coordinates": [ 39.45267, -4.1746877 ] } },
{ "type": "Feature", "properties": { "settlement_class": "town" }, "geometry": { "type": "Point", "coordinates": [ 34.7194831, 0.0471584 ] } },
{ "type": "Feature", "properties": { "settlement_class": "town" }, "geometry": { "type": "Point", "coordinates": [ 34.3779663, 0.797781 ] } },
{ "type": "Feature", "properties": { "settlement_class": "town" }, "geometry": { "type": "Point", "coordinates": [ 36.6393103, -1.1158645 ] } },
{ "type": "Feature", "properties": { "settlement_class": "town" }, "geometry": { "type": "Point", "coordinates": [ 36.378065, -0.2672966 ] } },
{ "type": "Feature", "properties": { "settlement_class": "town" }, "geometry": { "type": "Point", "coordinates": [ 37.1322802, -0.7952124 ] } },
{ "type": "Feature", "properties": { "settlement_class": "town" }, "geometry": { "type": "Point", "coordinates": [ 37.1575858, -0.7236564 ] } },
{ "type": "Feature", "properties": { "settlement_class": "town" }, "geometry": { "type": "Point", "coordinates": [ 37.035691, -0.7133707 ] } },
{ "type": "Feature", "properties": { "settlement_class": "town" }, "geometry": { "type": "Point", "coordinates": [ 37.278584, -0.49633 ] } },
{ "type": "Feature", "properties": { "settlement_class": "town" }, "geometry": { "type": "Point", "coordinates": [ 37.32785, -0.5730989 ] } },
{ "type": "Feature", "properties": { "settlement_class": "town" }, "geometry": { "type": "Point", "coordinates": [ 34.6200103, -1.1932593 ] } },
{ "type": "Feature", "properties": { "settlement_class": "town" }, "geometry": { "type": "Point", "coordinates": [ 35.5467063, 0.0629624 ] } },
{ "type": "Feature", "properties": { "settlement_class": "town" }, "geometry": { "type": "Point", "coordinates": [ 36.5960183, -0.9463282 ] } },
{ "type": "Feature", "properties": { "settlement_class": "town" }, "geometry": { "type": "Point", "coordinates": [ 36.2593801, -0.8187208 ] } },
{ "type": "Feature", "properties": { "settlement_class": "town" }, "geometry": { "type": "Point", "coordinates": [ 37.0020546, -0.3931282 ] } },
{ "type": "Feature", "properties": { "settlement_class": "town" }, "geometry": { "type": "Point", "coordinates": [ 34.7338222, 0.1182133 ] } },
{ "type": "Feature", "properties": { "settlement_class": "town" }, "geometry": { "type": "Point", "coordinates": [ 35.6913332, -0.0220986 ] } },
{ "type": "Feature", "properties": { "settlement_class": "town" }, "geometry": { "type": "Point", "coordinates": [ 36.9604486, -1.1472712 ] } },
{ "type": "Feature", "properties": { "settlement_class": "town" }, "geometry": { "type": "Point", "coordinates": [ 34.2964709, 0.1811616 ] } },
{ "type": "Feature", "properties": { "settlement_class": "town" }, "geometry": { "type": "Point", "coordinates": [ 34.3807269, 0.1548411 ] } },
{ "type": "Feature", "properties": { "settlement_class": "city" }, "geometry": { "type": "Point", "coordinates": [ 34.7541761, -0.1029109 ] } },
{ "type": "Feature", "properties": { "settlement_class": "town" }, "geometry": { "type": "Point", "coordinates": [ 41.1148132, -2.0788474 ] } },
{ "type": "Feature", "properties": { "settlement_class": "town" }, "geometry": { "type": "Point", "coordinates": [ 35.941961, -0.331429 ] } },
{ "type": "Feature", "properties": { "settlement_class": "town" }, "geometry": { "type": "Point", "coordinates": [ 35.5102633, 0.6730702 ] } },
{ "type": "Feature", "properties": { "settlement_class": "town" }, "geometry": { "type": "Point", "coordinates": [ 36.721209, -1.062337 ] } },
{ "type": "Feature", "properties": { "settlement_class": "town" }, "geometry": { "type": "Point", "coordinates": [ 36.653323, -0.725998 ] } },
{ "type": "Feature", "properties": { "settlement_class": "town" }, "geometry": { "type": "Point", "coordinates": [ 35.944205, -0.3742065 ] } },
{ "type": "Feature", "properties": { "settlement_class": "town" }, "geometry": { "type": "Point", "coordinates": [ 37.7808302, -0.1083875 ] } },
{ "type": "Feature", "properties": { "settlement_class": "town" }, "geometry": { "type": "Point", "coordinates": [ 37.6642253, -0.0662965 ] } },
{ "type": "Feature", "properties": { "settlement_class": "town" }, "geometry": { "type": "Point", "coordinates": [ 37.7224834, -2.2097918 ] } },
{ "type": "Feature", "properties": { "settlement_class": "town" }, "geometry": { "type": "Point", "coordinates": [ 37.5095, -2.927112 ] } },
{ "type": "Feature", "properties": { "settlement_class": "town" }, "geometry": { "type": "Point", "coordinates": [ 34.2739935, -0.0993654 ] } },
{ "type": "Feature", "properties": { "settlement_class": "town" }, "geometry": { "type": "Point", "coordinates": [ 38.189429, -1.225587 ] } },
{ "type": "Feature", "properties": { "settlement_class": "town" }, "geometry": { "type": "Point", "coordinates": [ 37.4583949, -0.5376699 ] } },
{ "type": "Feature", "properties": { "settlement_class": "town" }, "geometry": { "type": "Point", "coordinates": [ 36.718658, 2.7576797 ] } },
{ "type": "Feature", "properties": { "settlement_class": "town" }, "geometry": { "type": "Point", "coordinates": [ 36.6289384, -0.9814881 ] } },
{ "type": "Feature", "properties": { "settlement_class": "town" }, "geometry": { "type": "Point", "coordinates": [ 34.6904494, -0.428287 ] } },
{ "type": "Feature", "properties": { "settlement_class": "town" }, "geometry": { "type": "Point", "coordinates": [ 34.6220981, -0.4353676 ] } },
{ "type": "Feature", "properties": { "settlement_class": "town" }, "geometry": { "type": "Point", "coordinates": [ 38.0301444, -2.5231939 ] } },
{ "type": "Feature", "properties": { "settlement_class": "city" }, "geometry": { "type": "Point", "coordinates": [ 35.2715481, 0.5198329 ] } },
{ "type": "Feature", "properties": { "settlement_class": "town" }, "geometry": { "type": "Point", "coordinates": [ 34.7077759, -0.6786512 ] } },
{ "type": "Feature", "properties": { "settlement_class": "town" }, "geometry": { "type": "Point", "coordinates": [ 36.9589935, -1.4745409 ] } },
{ "type": "Feature", "properties": { "settlement_class": "town" }, "geometry": { "type": "Point", "coordinates": [ 35.126021, -0.087748 ] } },
{ "type": "Feature", "properties": { "settlement_class": "town" }, "geometry": { "type": "Point", "coordinates": [ 34.962309, -0.601181 ] } },
{ "type": "Feature", "properties": { "settlement_class": "town" }, "geometry": { "type": "Point", "coordinates": [ 34.5168387, -0.68689 ] } },
{ "type": "Feature", "properties": { "settlement_class": "town" }, "geometry": { "type": "Point", "coordinates": [ 34.6251484, 3.7666938 ] } },
{ "type": "Feature", "properties": { "settlement_class": "town" }, "geometry": { "type": "Point", "coordinates": [ 34.2840777, 4.4050486 ] } },
{ "type": "Feature", "properties": { "settlement_class": "town" }, "geometry": { "type": "Point", "coordinates": [ 37.2404684, -0.5555685 ] } },
{ "type": "Feature", "properties": { "settlement_class": "town" }, "geometry": { "type": "Point", "coordinates": [ 36.7905102, -2.0959838 ] } },
{ "type": "Feature", "properties": { "settlement_class": "town" }, "geometry": { "type": "Point", "coordinates": [ 36.8466684, -1.6859676 ] } },
{ "type": "Feature", "properties": { "settlement_class": "town" }, "geometry": { "type": "Point", "coordinates": [ 35.3271241, -0.7245012 ] } },
{ "type": "Feature", "properties": { "settlement_class": "town" }, "geometry": { "type": "Point", "coordinates": [ 38.0470447, -0.9159623 ] } },
{ "type": "Feature", "properties": { "settlement_class": "town" }, "geometry": { "type": "Point", "coordinates": [ 40.2943143, 1.7733393 ] } },
{ "type": "Feature", "properties": { "settlement_class": "town" }, "geometry": { "type": "Point", "coordinates": [ 40.7539617, 2.2020267 ] } },
{ "type": "Feature", "properties": { "settlement_class": "town" }, "geometry": { "type": "Point", "coordinates": [ 39.9391443, 1.7836517 ] } },
{ "type": "Feature", "properties": { "settlement_class": "town" }, "geometry": { "type": "Point", "coordinates": [ 39.566935, 2.4924118 ] } },
{ "type": "Feature", "properties": { "settlement_class": "town" }, "geometry": { "type": "Point", "coordinates": [ 39.3156584, 2.9890289 ] } },
{ "type": "Feature", "properties": { "settlement_class": "town" }, "geometry": { "type": "Point", "coordinates": [ 39.5555802, 3.4576952 ] } },
{ "type": "Feature", "properties": { "settlement_class": "town" }, "geometry": { "type": "Point", "coordinates": [ 39.5717889, 3.3681272 ] } },
{ "type": "Feature", "properties": { "settlement_class": "town" }, "geometry": { "type": "Point", "coordinates": [ 39.7857703, 3.3395101 ] } },
{ "type": "Feature", "properties": { "settlement_class": "town" }, "geometry": { "type": "Point", "coordinates": [ 39.9892141, 2.7107629 ] } },
{ "type": "Feature", "properties": { "settlement_class": "town" }, "geometry": { "type": "Point", "coordinates": [ 39.9527579, 2.5390361 ] } },
{ "type": "Feature", "properties": { "settlement_class": "town" }, "geometry": { "type": "Point", "coordinates": [ 40.5948212, 2.4078992 ] } },
{ "type": "Feature", "properties": { "settlement_class": "town" }, "geometry": { "type": "Point", "coordinates": [ 40.2213727, 2.5315072 ] } },
{ "type": "Feature", "properties": { "settlement_class": "town" }, "geometry": { "type": "Point", "coordinates": [ 40.0167974, 2.4051205 ] } },
{ "type": "Feature", "properties": { "settlement_class": "town" }, "geometry": { "type": "Point", "coordinates": [ 40.3621943, 2.3102606 ] } },
{ "type": "Feature", "properties": { "settlement_class": "town" }, "geometry": { "type": "Point", "coordinates": [ 40.2724896, 1.0135636 ] } },
{ "type": "Feature", "properties": { "settlement_class": "town" }, "geometry": { "type": "Point", "coordinates": [ 39.4928911, 1.0162202 ] } },
{ "type": "Feature", "properties": { "settlement_class": "town" }, "geometry": { "type": "Point", "coordinates": [ 34.4884426, 0.3766034 ] } },
{ "type": "Feature", "properties": { "settlement_class": "town" }, "geometry": { "type": "Point", "coordinates": [ 34.4734444, 0.3935665 ] } },
{ "type": "Feature", "properties": { "settlement_class": "town" }, "geometry": { "type": "Point", "coordinates": [ 34.4981298, 0.2163078 ] } },
{ "type": "Feature", "properties": { "settlement_class": "town" }, "geometry": { "type": "Point", "coordinates": [ 34.5243436, 0.2295824 ] } },
{ "type": "Feature", "properties": { "settlement_class": "town" }, "geometry": { "type": "Point", "coordinates": [ 40.613298, 1.5793254 ] } },
{ "type": "Feature", "properties": { "settlement_class": "town" }, "geometry": { "type": "Point", "coordinates": [ 36.297753, -0.714033 ] } },
{ "type": "Feature", "properties": { "settlement_class": "town" }, "geometry": { "type": "Point", "coordinates": [ 37.6351976, -3.3777136 ] } },
{ "type": "Feature", "properties": { "settlement_class": "town" }, "geometry": { "type": "Point", "coordinates": [ 34.7390858, -0.0016892 ] } },
{ "type": "Feature", "properties": { "settlement_class": "town" }, "geometry": { "type": "Point", "coordinates": [ 34.9190229, -0.1724612 ] } },
{ "type": "Feature", "properties": { "settlement_class": "town" }, "geometry": { "type": "Point", "coordinates": [ 35.073504, -0.160583 ] } },
{ "type": "Feature", "properties": { "settlement_class": "town" }, "geometry": { "type": "Point", "coordinates": [ 36.5315425, -0.8037041 ] } },
{ "type": "Feature", "properties": { "settlement_class": "town" }, "geometry": { "type": "Point", "coordinates": [ 34.7682625, 0.2159775 ] } },
{ "type": "Feature", "properties": { "settlement_class": "town" }, "geometry": { "type": "Point", "coordinates": [ 34.7617568, 0.1922627 ] } },
{ "type": "Feature", "properties": { "settlement_class": "town" }, "geometry": { "type": "Point", "coordinates": [ 36.8697701, -0.481505 ] } },
{ "type": "Feature", "properties": { "settlement_class": "town" }, "geometry": { "type": "Point", "coordinates": [ 36.8975607, -0.4808235 ] } },
{ "type": "Feature", "properties": { "settlement_class": "town" }, "geometry": { "type": "Point", "coordinates": [ 36.9309387, -0.4765307 ] } },
{ "type": "Feature", "properties": { "settlement_class": "town" }, "geometry": { "type": "Point", "coordinates": [ 36.8880406, -0.4919298 ] } },
{ "type": "Feature", "properties": { "settlement_class": "town" }, "geometry": { "type": "Point", "coordinates": [ 37.4272629, 3.1296333 ] } },
{ "type": "Feature", "properties": { "settlement_class": "town" }, "geometry": { "type": "Point", "coordinates": [ 34.5944175, 0.1712065 ] } },
{ "type": "Feature", "properties": { "settlement_class": "town" }, "geometry": { "type": "Point", "coordinates": [ 34.797565, 0.0682884 ] } },
{ "type": "Feature", "properties": { "settlement_class": "town" }, "geometry": { "type": "Point", "coordinates": [ 34.6140795, 0.2209092 ] } },
{ "type": "Feature", "properties": { "settlement_class": "town" }, "geometry": { "type": "Point", "coordinates": [ 36.7915657, -1.9770107 ] } },
{ "type": "Feature", "properties": { "settlement_class": "town" }, "geometry": { "type": "Point", "coordinates": [ 36.8081563, -2.2784717 ] } },
{ "type": "Feature", "properties": { "settlement_class": "town" }, "geometry": { "type": "Point", "coordinates": [ 34.7343223, 1.2196227 ] } },
{ "type": "Feature", "properties": { "settlement_class": "town" }, "geometry": { "type": "Point", "coordinates": [ 34.9357117, -0.566595 ] } },
{ "type": "Feature", "properties": { "settlement_class": "town" }, "geometry": { "type": "Point", "coordinates": [ 38.7508485, -3.5607321 ] } },
{ "type": "Feature", "properties": { "settlement_class": "town" }, "geometry": { "type": "Point", "coordinates": [ 39.6271657, -3.1171359 ] } },
{ "type": "Feature", "properties": { "settlement_class": "town" }, "geometry": { "type": "Point", "coordinates": [ 39.7835394, -3.181152 ] } },
{ "type": "Feature", "properties": { "settlement_class": "town" }, "geometry": { "type": "Point", "coordinates": [ 39.7760182, -3.3977858 ] } },
{ "type": "Feature", "properties": { "settlement_class": "town" }, "geometry": { "type": "Point", "coordinates": [ 38.9419543, -3.6742018 ] } },
{ "type": "Feature", "properties": { "settlement_class": "town" }, "geometry": { "type": "Point", "coordinates": [ 34.5603258, 0.5705402 ] } },
{ "type": "Feature", "properties": { "settlement_class": "town" }, "geometry": { "type": "Point", "coordinates": [ 35.4366904, 2.2398053 ] } },
{ "type": "Feature", "properties": { "settlement_class": "town" }, "geometry": { "type": "Point", "coordinates": [ 38.310492, -0.8040793 ] } },
{ "type": "Feature", "properties": { "settlement_class": "town" }, "geometry": { "type": "Point", "coordinates": [ 34.9398898, -0.8609217 ] } },
{ "type": "Feature", "properties": { "settlement_class": "town" }, "geometry": { "type": "Point", "coordinates": [ 37.169449, -1.1139183 ] } },
{ "type": "Feature", "properties": { "settlement_class": "town" }, "geometry": { "type": "Point", "coordinates": [ 35.8493085, -0.2060724 ] } },
{ "type": "Feature", "properties": { "settlement_class": "town" }, "geometry": { "type": "Point", "coordinates": [ 36.8031133, -1.170772 ] } },
{ "type": "Feature", "properties": { "settlement_class": "town" }, "geometry": { "type": "Point", "coordinates": [ 37.4539203, -2.7166906 ] } },
{ "type": "Feature", "properties": { "settlement_class": "town" }, "geometry": { "type": "Point", "coordinates": [ 41.8554479, 3.9710675 ] } },
{ "type": "Feature", "properties": { "settlement_class": "town" }, "geometry": { "type": "Point", "coordinates": [ 37.2708714, 3.9984455 ] } },
{ "type": "Feature", "properties": { "settlement_class": "town" }, "geometry": { "type": "Point", "coordinates": [ 36.9270242, -0.9959854 ] } },
{ "type": "Feature", "properties": { "settlement_class": "town" }, "geometry": { "type": "Point", "coordinates": [ 37.8777827, -2.3341847 ] } },
{ "type": "Feature", "properties": { "settlement_class": "town" }, "geometry": { "type": "Point", "coordinates": [ 37.2491912, -1.4537943 ] } },
{ "type": "Feature", "properties": { "settlement_class": "town" }, "geometry": { "type": "Point", "coordinates": [ 37.3675873, -1.3122882 ] } },
{ "type": "Feature", "properties": { "settlement_class": "town" }, "geometry": { "type": "Point", "coordinates": [ 34.5118535, 0.4355778 ] } },
{ "type": "Feature", "properties": { "settlement_class": "town" }, "geometry": { "type": "Point", "coordinates": [ 34.5723292, 0.3197214 ] } },
{ "type": "Feature", "properties": { "settlement_class": "town" }, "geometry": { "type": "Point", "coordinates": [ 36.3253995, -0.4981671 ] } },
{ "type": "Feature", "properties": { "settlement_class": "town" }, "geometry": { "type": "Point", "coordinates": [ 37.1227711, -0.9392976 ] } },
{ "type": "Feature", "properties": { "settlement_class": "town" }, "geometry": { "type": "Point", "coordinates": [ 37.0159462, -1.1014905 ] } },
{ "type": "Feature", "properties": { "settlement_class": "town" }, "geometry": { "type": "Point", "coordinates": [ 40.30764, 0.0525551 ] } },
{ "type": "Feature", "properties": { "settlement_class": "town" }, "geometry": { "type": "Point", "coordinates": [ 36.6646904, -1.2438129 ] } },
{ "type": "Feature", "properties": { "settlement_class": "town" }, "geometry": { "type": "Point", "coordinates": [ 35.4216997, -0.938405 ] } },
{ "type": "Feature", "properties": { "settlement_class": "town" }, "geometry": { "type": "Point", "coordinates": [ 40.9010383, -2.2674961 ] } },
{ "type": "Feature", "properties": { "settlement_class": "town" }, "geometry": { "type": "Point", "coordinates": [ 39.1756526, 3.4448709 ] } },
{ "type": "Feature", "properties": { "settlement_class": "town" }, "geometry": { "type": "Point", "coordinates": [ 40.2241984, 3.3987343 ] } },
{ "type": "Feature", "properties": { "settlement_class": "town" }, "geometry": { "type": "Point", "coordinates": [ 38.5156095, 3.4551962 ] } },
{ "type": "Feature", "properties": { "settlement_class": "town" }, "geometry": { "type": "Point", "coordinates": [ 40.6503342, 2.4456142 ] } },
{ "type": "Feature", "properties": { "settlement_class": "town" }, "geometry": { "type": "Point", "coordinates": [ 40.3157103, 0.1133243 ] } },
{ "type": "Feature", "properties": { "settlement_class": "town" }, "geometry": { "type": "Point", "coordinates": [ 36.6337434, -1.1197917 ] } },
{ "type": "Feature", "properties": { "settlement_class": "town" }, "geometry": { "type": "Point", "coordinates": [ 37.8676825, -0.3295867 ] } },
{ "type": "Feature", "properties": { "settlement_class": "town" }, "geometry": { "type": "Point", "coordinates": [ 34.4329547, 0.8427412 ] } },
{ "type": "Feature", "properties": { "settlement_class": "town" }, "geometry": { "type": "Point", "coordinates": [ 35.5135156, -0.1883907 ] } },
{ "type": "Feature", "properties": { "settlement_class": "town" }, "geometry": { "type": "Point", "coordinates": [ 35.1179179, -0.4879842 ] } },
{ "type": "Feature", "properties": { "settlement_class": "town" }, "geometry": { "type": "Point", "coordinates": [ 39.9618234, -3.0303619 ] } },
{ "type": "Feature", "properties": { "settlement_class": "town" }, "geometry": { "type": "Point", "coordinates": [ 34.4833781, 0.3351446 ] } },
{ "type": "Feature", "properties": { "settlement_class": "town" }, "geometry": { "type": "Point", "coordinates": [ 34.6057556, 0.001538 ] } },
{ "type": "Feature", "properties": { "settlement_class": "town" }, "geometry": { "type": "Point", "coordinates": [ 34.1646971, -0.5403063 ] } },
{ "type": "Feature", "properties": { "settlement_class": "town" }, "geometry": { "type": "Point", "coordinates": [ 34.525493, -0.1091443 ] } },
{ "type": "Feature", "properties": { "settlement_class": "town" }, "geometry": { "type": "Point", "coordinates": [ 34.9732495, -0.2742141 ] } },
{ "type": "Feature", "properties": { "settlement_class": "town" }, "geometry": { "type": "Point", "coordinates": [ 35.0502906, -0.0713341 ] } },
{ "type": "Feature", "properties": { "settlement_class": "town" }, "geometry": { "type": "Point", "coordinates": [ 40.8673946, 3.1837951 ] } },
{ "type": "Feature", "properties": { "settlement_class": "town" }, "geometry": { "type": "Point", "coordinates": [ 34.1571262, -0.8421281 ] } },
{ "type": "Feature", "properties": { "settlement_class": "town" }, "geometry": { "type": "Point", "coordinates": [ 40.1744767, -1.6921779 ] } },
{ "type": "Feature", "properties": { "settlement_class": "town" }, "geometry": { "type": "Point", "coordinates": [ 34.873489, 3.706286 ] } },
{ "type": "Feature", "properties": { "settlement_class": "town" }, "geometry": { "type": "Point", "coordinates": [ 35.4007699, 2.9192718 ] } },
{ "type": "Feature", "properties": { "settlement_class": "town" }, "geometry": { "type": "Point", "coordinates": [ 35.2637846, 2.8878915 ] } },
{ "type": "Feature", "properties": { "settlement_class": "town" }, "geometry": { "type": "Point", "coordinates": [ 35.431406, 2.2721243 ] } },
{ "type": "Feature", "properties": { "settlement_class": "town" }, "geometry": { "type": "Point", "coordinates": [ 35.4972562, 2.1362715 ] } },
{ "type": "Feature", "properties": { "settlement_class": "town" }, "geometry": { "type": "Point", "coordinates": [ 34.7203265, 0.083501 ] } },
{ "type": "Feature", "properties": { "settlement_class": "town" }, "geometry": { "type": "Point", "coordinates": [ 34.8555317, 0.0779324 ] } },
{ "type": "Feature", "properties": { "settlement_class": "town" }, "geometry": { "type": "Point", "coordinates": [ 34.5042864, 0.7568376 ] } },
{ "type": "Feature", "properties": { "settlement_class": "town" }, "geometry": { "type": "Point", "coordinates": [ 34.4628214, 0.8068156 ] } },
{ "type": "Feature", "properties": { "settlement_class": "town" }, "geometry": { "type": "Point", "coordinates": [ 34.8535437, 0.4425351 ] } },
{ "type": "Feature", "properties": { "settlement_class": "town" }, "geometry": { "type": "Point", "coordinates": [ 38.6624734, 0.5030601 ] } },
{ "type": "Feature", "properties": { "settlement_class": "town" }, "geometry": { "type": "Point", "coordinates": [ 34.670854, -0.9359406 ] } },
{ "type": "Feature", "properties": { "settlement_class": "town" }, "geometry": { "type": "Point", "coordinates": [ 37.3216993, -0.7250642 ] } },
{ "type": "Feature", "properties": { "settlement_class": "town" }, "geometry": { "type": "Point", "coordinates": [ 36.8626323, -0.8641916 ] } },
{ "type": "Feature", "properties": { "settlement_class": "town" }, "geometry": { "type": "Point", "coordinates": [ 39.8385773, 1.2884743 ] } },
{ "type": "Feature", "properties": { "settlement_class": "town" }, "geometry": { "type": "Point", "coordinates": [ 40.5988171, 0.597398 ] } },
{ "type": "Feature", "properties": { "settlement_class": "town" }, "geometry": { "type": "Point", "coordinates": [ 40.9187296, 2.7104018 ] } },
{ "type": "Feature", "properties": { "settlement_class": "town" }, "geometry": { "type": "Point", "coordinates": [ 40.8739023, 0.3515881 ] } },
{ "type": "Feature", "properties": { "settlement_class": "town" }, "geometry": { "type": "Point", "coordinates": [ 37.184633, -1.6877022 ] } },
{ "type": "Feature", "properties": { "settlement_class": "town" }, "geometry": { "type": "Point", "coordinates": [ 36.5403664, 0.2690299 ] } },
{ "type": "Feature", "properties": { "settlement_class": "town" }, "geometry": { "type": "Point", "coordinates": [ 37.6809285, -0.8925493 ] } },
{ "type": "Feature", "properties": { "settlement_class": "town" }, "geometry": { "type": "Point", "coordinates": [ 37.6833435, -0.9102313 ] } },
{ "type": "Feature", "properties": { "settlement_class": "town" }, "geometry": { "type": "Point", "coordinates": [ 37.0971639, -0.4111472 ] } },
{ "type": "Feature", "properties": { "settlement_class": "town" }, "geometry": { "type": "Point", "coordinates": [ 37.4389683, -1.4618117 ] } },
{ "type": "Feature", "properties": { "settlement_class": "town" }, "geometry": { "type": "Point", "coordinates": [ 37.440035, -1.4598317 ] } },
{ "type": "Feature", "properties": { "settlement_class": "town" }, "geometry": { "type": "Point", "coordinates": [ 37.4559983, -1.351955 ] } },
{ "type": "Feature", "properties": { "settlement_class": "town" }, "geometry": { "type": "Point", "coordinates": [ 37.456455, -1.35302 ] } },
{ "type": "Feature", "properties": { "settlement_class": "town" }, "geometry": { "type": "Point", "coordinates": [ 37.3243867, -1.268135 ] } },
{ "type": "Feature", "properties": { "settlement_class": "town" }, "geometry": { "type": "Point", "coordinates": [ 37.3091733, -1.269035 ] } },
{ "type": "Feature", "properties": { "settlement_class": "town" }, "geometry": { "type": "Point", "coordinates": [ 37.3077783, -1.26914 ] } },
{ "type": "Feature", "properties": { "settlement_class": "town" }, "geometry": { "type": "Point", "coordinates": [ 37.3052117, -1.26988 ] } },
{ "type": "Feature", "properties": { "settlement_class": "town" }, "geometry": { "type": "Point", "coordinates": [ 36.9736782, -1.4625833 ] } },
{ "type": "Feature", "properties": { "settlement_class": "town" }, "geometry": { "type": "Point", "coordinates": [ 37.261884, -1.535848 ] } },
{ "type": "Feature", "properties": { "settlement_class": "town" }, "geometry": { "type": "Point", "coordinates": [ 37.2639327, -1.5253731 ] } },
{ "type": "Feature", "properties": { "settlement_class": "town" }, "geometry": { "type": "Point", "coordinates": [ 36.6532583, -1.3628833 ] } },
{ "type": "Feature", "properties": { "settlement_class": "town" }, "geometry": { "type": "Point", "coordinates": [ 36.6594517, -1.3635517 ] } },
{ "type": "Feature", "properties": { "settlement_class": "town" }, "geometry": { "type": "Point", "coordinates": [ 36.7980533, -1.5597783 ] } },
{ "type": "Feature", "properties": { "settlement_class": "town" }, "geometry": { "type": "Point", "coordinates": [ 36.8525917, -1.6888667 ] } },
{ "type": "Feature", "properties": { "settlement_class": "town" }, "geometry": { "type": "Point", "coordinates": [ 37.2363, -1.5204383 ] } },
{ "type": "Feature", "properties": { "settlement_class": "town" }, "geometry": { "type": "Point", "coordinates": [ 37.2486617, -1.5185417 ] } },
{ "type": "Feature", "properties": { "settlement_class": "town" }, "geometry": { "type": "Point", "coordinates": [ 37.2630217, -1.5174583 ] } },
{ "type": "Feature", "properties": { "settlement_class": "town" }, "geometry": { "type": "Point", "coordinates": [ 37.2621867, -1.48757 ] } },
{ "type": "Feature", "properties": { "settlement_class": "town" }, "geometry": { "type": "Point", "coordinates": [ 36.7553477, -1.1753541 ] } },
{ "type": "Feature", "properties": { "settlement_class": "town" }, "geometry": { "type": "Point", "coordinates": [ 36.2315542, 0.001056 ] } },
{ "type": "Feature", "properties": { "settlement_class": "town" }, "geometry": { "type": "Point", "coordinates": [ 36.1525524, 0.0006876 ] } },
{ "type": "Feature", "properties": { "settlement_class": "town" }, "geometry": { "type": "Point", "coordinates": [ 35.6936632, -0.1613113 ] } },
{ "type": "Feature", "properties": { "settlement_class": "town" }, "geometry": { "type": "Point", "coordinates": [ 36.9023945, -0.3272667 ] } },
{ "type": "Feature", "properties": { "settlement_class": "town" }, "geometry": { "type": "Point", "coordinates": [ 35.3458834, -0.7293501 ] } },
{ "type": "Feature", "properties": { "settlement_class": "town" }, "geometry": { "type": "Point", "coordinates": [ 35.1891744, -0.6879229 ] } },
{ "type": "Feature", "properties": { "settlement_class": "town" }, "geometry": { "type": "Point", "coordinates": [ 35.1935762, -0.6823078 ] } },
{ "type": "Feature", "properties": { "settlement_class": "town" }, "geometry": { "type": "Point", "coordinates": [ 35.193568, -0.6822215 ] } },
{ "type": "Feature", "properties": { "settlement_class": "town" }, "geometry": { "type": "Point", "coordinates": [ 35.2011711, -0.6722532 ] } },
{ "type": "Feature", "properties": { "settlement_class": "town" }, "geometry": { "type": "Point", "coordinates": [ 35.1870315, -0.7032237 ] } },
{ "type": "Feature", "properties": { "settlement_class": "town" }, "geometry": { "type": "Point", "coordinates": [ 39.2992016, -5.7272268 ] } },
{ "type": "Feature", "properties": { "settlement_class": "town" }, "geometry": { "type": "Point", "coordinates": [ 39.2499504, -5.9883421 ] } },
{ "type": "Feature", "properties": { "settlement_class": "town" }, "geometry": { "type": "Point", "coordinates": [ 39.220446, -6.098863 ] } },
{ "type": "Feature", "properties": { "settlement_class": "city" }, "geometry": { "type": "Point", "coordinates": [ 39.2803583, -6.8160837 ] } },
{ "type": "Feature", "properties": { "settlement_class": "town" }, "geometry": { "type": "Point", "coordinates": [ 39.3760766, -5.9901036 ] } },
{ "type": "Feature", "properties": { "settlement_class": "town" }, "geometry": { "type": "Point", "coordinates": [ 39.2558883, -5.8748653 ] } },
{ "type": "Feature", "properties": { "settlement_class": "town" }, "geometry": { "type": "Point", "coordinates": [ 36.7869821, -2.5450079 ] } },
{ "type": "Feature", "properties": { "settlement_class": "city" }, "geometry": { "type": "Point", "coordinates": [ 35.7468174, -6.1791181 ] } },
{ "type": "Feature", "properties": { "settlement_class": "city" }, "geometry": { "type": "Point", "coordinates": [ 37.6693891, -6.8161626 ] } },
{ "type": "Feature", "properties": { "settlement_class": "town" }, "geometry": { "type": "Point", "coordinates": [ 31.792861, -5.059465 ] } },
{ "type": "Feature", "properties": { "settlement_class": "city" }, "geometry": { "type": "Point", "coordinates": [ 31.0729871, -6.3429524 ] } },
{ "type": "Feature", "properties": { "settlement_class": "city" }, "geometry": { "type": "Point", "coordinates": [ 32.8097724, -5.0202431 ] } },
{ "type": "Feature", "properties": { "settlement_class": "city" }, "geometry": { "type": "Point", "coordinates": [ 32.9014417, -2.5196915 ] } },
{ "type": "Feature", "properties": { "settlement_class": "town" }, "geometry": { "type": "Point", "coordinates": [ 32.9459933, -3.9050436 ] } },
{ "type": "Feature", "properties": { "settlement_class": "city" }, "geometry": { "type": "Point", "coordinates": [ 33.4271153, -3.6562049 ] } },
{ "type": "Feature", "properties": { "settlement_class": "city" }, "geometry": { "type": "Point", "coordinates": [ 34.7498283, -4.8195746 ] } },
{ "type": "Feature", "properties": { "settlement_class": "city" }, "geometry": { "type": "Point", "coordinates": [ 33.468672, -8.906508 ] } },
{ "type": "Feature", "properties": { "settlement_class": "city" }, "geometry": { "type": "Point", "coordinates": [ 37.3435249, -3.3486456 ] } },
{ "type": "Feature", "properties": { "settlement_class": "city" }, "geometry": { "type": "Point", "coordinates": [ 36.6880794, -3.3696827 ] } },
{ "type": "Feature", "properties": { "settlement_class": "town" }, "geometry": { "type": "Point", "coordinates": [ 37.5467977, -3.3881209 ] } },
{ "type": "Feature", "properties": { "settlement_class": "town" }, "geometry": { "type": "Point", "coordinates": [ 37.743808, -4.0681581 ] } },
{ "type": "Feature", "properties": { "settlement_class": "town" }, "geometry": { "type": "Point", "coordinates": [ 38.3524926, -6.6382192 ] } },
{ "type": "Feature", "properties": { "settlement_class": "city" }, "geometry": { "type": "Point", "coordinates": [ 39.0993457, -5.0721976 ] } },
{ "type": "Feature", "properties": { "settlement_class": "town" }, "geometry": { "type": "Point", "coordinates": [ 38.9771304, -5.424377 ] } },
{ "type": "Feature", "properties": { "settlement_class": "town" }, "geometry": { "type": "Point", "coordinates": [ 36.1020802, -3.5502319 ] } },
{ "type": "Feature", "properties": { "settlement_class": "town" }, "geometry": { "type": "Point", "coordinates": [ 35.8558004, -3.3767101 ] } },
{ "type": "Feature", "properties": { "settlement_class": "town" }, "geometry": { "type": "Point", "coordinates": [ 35.6733489, -3.3386568 ] } },
{ "type": "Feature", "properties": { "settlement_class": "town" }, "geometry": { "type": "Point", "coordinates": [ 37.5781694, -3.661164 ] } },
{ "type": "Feature", "properties": { "settlement_class": "town" }, "geometry": { "type": "Point", "coordinates": [ 38.2898369, -4.8888042 ] } },
{ "type": "Feature", "properties": { "settlement_class": "town" }, "geometry": { "type": "Point", "coordinates": [ 38.4522634, -5.1592095 ] } },
{ "type": "Feature", "properties": { "settlement_class": "town" }, "geometry": { "type": "Point", "coordinates": [ 38.290511, -4.795146 ] } },
{ "type": "Feature", "properties": { "settlement_class": "city" }, "geometry": { "type": "Point", "coordinates": [ 34.8229945, -8.8439753 ] } },
{ "type": "Feature", "properties": { "settlement_class": "city" }, "geometry": { "type": "Point", "coordinates": [ 36.6848455, -8.1321004 ] } },
{ "type": "Feature", "properties": { "settlement_class": "town" }, "geometry": { "type": "Point", "coordinates": [ 36.985732, -6.8363175 ] } },
{ "type": "Feature", "properties": { "settlement_class": "town" }, "geometry": { "type": "Point", "coordinates": [ 38.9062189, -6.4422075 ] } },
{ "type": "Feature", "properties": { "settlement_class": "city" }, "geometry": { "type": "Point", "coordinates": [ 35.6483576, -10.6787282 ] } },
{ "type": "Feature", "properties": { "settlement_class": "city" }, "geometry": { "type": "Point", "coordinates": [ 40.1789136, -10.2838146 ] } },
{ "type": "Feature", "properties": { "settlement_class": "town" }, "geometry": { "type": "Point", "coordinates": [ 39.7137313, -9.9989181 ] } },
{ "type": "Feature", "properties": { "settlement_class": "city" }, "geometry": { "type": "Point", "coordinates": [ 31.8125605, -1.3311508 ] } },
{ "type": "Feature", "properties": { "settlement_class": "city" }, "geometry": { "type": "Point", "coordinates": [ 38.9920175, -6.7864318 ] } },
{ "type": "Feature", "properties": { "settlement_class": "city" }, "geometry": { "type": "Point", "coordinates": [ 33.8719347, -2.0232321 ] } },
{ "type": "Feature", "properties": { "settlement_class": "city" }, "geometry": { "type": "Point", "coordinates": [ 32.2340831, -2.8707573 ] } },
{ "type": "Feature", "properties": { "settlement_class": "town" }, "geometry": { "type": "Point", "coordinates": [ 34.4985823, -5.7022934 ] } },
{ "type": "Feature", "properties": { "settlement_class": "town" }, "geometry": { "type": "Point", "coordinates": [ 33.8527195, -8.8221652 ] } },
{ "type": "Feature", "properties": { "settlement_class": "town" }, "geometry": { "type": "Point", "coordinates": [ 34.0237048, -8.8564454 ] } },
{ "type": "Feature", "properties": { "settlement_class": "town" }, "geometry": { "type": "Point", "coordinates": [ 38.8052732, -10.7283309 ] } },
{ "type": "Feature", "properties": { "settlement_class": "town" }, "geometry": { "type": "Point", "coordinates": [ 35.2989116, -8.3015336 ] } },
{ "type": "Feature", "properties": { "settlement_class": "town" }, "geometry": { "type": "Point", "coordinates": [ 34.627497, -4.569747 ] } },
{ "type": "Feature", "properties": { "settlement_class": "town" }, "geometry": { "type": "Point", "coordinates": [ 34.1993994, -4.3595957 ] } },
{ "type": "Feature", "properties": { "settlement_class": "city" }, "geometry": { "type": "Point", "coordinates": [ 33.9869932, -2.8035487 ] } },
{ "type": "Feature", "properties": { "settlement_class": "town" }, "geometry": { "type": "Point", "coordinates": [ 34.7694862, -9.3380477 ] } },
{ "type": "Feature", "properties": { "settlement_class": "city" }, "geometry": { "type": "Point", "coordinates": [ 34.3803747, -1.3424053 ] } },
{ "type": "Feature", "properties": { "settlement_class": "town" }, "geometry": { "type": "Point", "coordinates": [ 34.9967419, -10.9498022 ] } },
{ "type": "Feature", "properties": { "settlement_class": "town" }, "geometry": { "type": "Point", "coordinates": [ 35.7796312, -4.9065127 ] } },
{ "type": "Feature", "properties": { "settlement_class": "town" }, "geometry": { "type": "Point", "coordinates": [ 39.7279904, -5.056425 ] } },
{ "type": "Feature", "properties": { "settlement_class": "town" }, "geometry": { "type": "Point", "coordinates": [ 36.6963548, -2.7319396 ] } },
{ "type": "Feature", "properties": { "settlement_class": "town" }, "geometry": { "type": "Point", "coordinates": [ 38.7611482, -10.368412 ] } },
{ "type": "Feature", "properties": { "settlement_class": "town" }, "geometry": { "type": "Point", "coordinates": [ 37.3350655, -11.0422376 ] } },
{ "type": "Feature", "properties": { "settlement_class": "town" }, "geometry": { "type": "Point", "coordinates": [ 31.927419, -3.0048496 ] } },
{ "type": "Feature", "properties": { "settlement_class": "town" }, "geometry": { "type": "Point", "coordinates": [ 39.2736756, -10.9450928 ] } },
{ "type": "Feature", "properties": { "settlement_class": "town" }, "geometry": { "type": "Point", "coordinates": [ 33.0866061, -2.8429665 ] } },
{ "type": "Feature", "properties": { "settlement_class": "town" }, "geometry": { "type": "Point", "coordinates": [ 33.8771249, -4.2854224 ] } },
{ "type": "Feature", "properties": { "settlement_class": "town" }, "geometry": { "type": "Point", "coordinates": [ 35.5436105, -3.856242 ] } },
{ "type": "Feature", "properties": { "settlement_class": "town" }, "geometry": { "type": "Point", "coordinates": [ 36.5614253, -5.313419 ] } },
{ "type": "Feature", "properties": { "settlement_class": "town" }, "geometry": { "type": "Point", "coordinates": [ 33.1608406, -8.4176914 ] } },
{ "type": "Feature", "properties": { "settlement_class": "town" }, "geometry": { "type": "Point", "coordinates": [ 33.3424743, -2.9634631 ] } },
{ "type": "Feature", "properties": { "settlement_class": "town" }, "geometry": { "type": "Point", "coordinates": [ 36.86907, -6.1402715 ] } },
{ "type": "Feature", "properties": { "settlement_class": "town" }, "geometry": { "type": "Point", "coordinates": [ 30.7198006, -3.5863517 ] } },
{ "type": "Feature", "properties": { "settlement_class": "town" }, "geometry": { "type": "Point", "coordinates": [ 38.8053215, -10.5676159 ] } },
{ "type": "Feature", "properties": { "settlement_class": "town" }, "geometry": { "type": "Point", "coordinates": [ 38.5161362, -10.902697 ] } },
{ "type": "Feature", "properties": { "settlement_class": "town" }, "geometry": { "type": "Point", "coordinates": [ 37.1398564, -6.788788 ] } },
{ "type": "Feature", "properties": { "settlement_class": "town" }, "geometry": { "type": "Point", "coordinates": [ 30.6323283, -2.7188717 ] } },
{ "type": "Feature", "properties": { "settlement_class": "town" }, "geometry": { "type": "Point", "coordinates": [ 31.31104, -2.6340289 ] } },
{ "type": "Feature", "properties": { "settlement_class": "town" }, "geometry": { "type": "Point", "coordinates": [ 32.4235486, -2.8427991 ] } },
{ "type": "Feature", "properties": { "settlement_class": "town" }, "geometry": { "type": "Point", "coordinates": [ 33.0450063, -2.5546303 ] } },
{ "type": "Feature", "properties": { "settlement_class": "town" }, "geometry": { "type": "Point", "coordinates": [ 33.8567103, -1.7649275 ] } },
{ "type": "Feature", "properties": { "settlement_class": "city" }, "geometry": { "type": "Point", "coordinates": [ 33.8083018, -1.4998186 ] } },
{ "type": "Feature", "properties": { "settlement_class": "town" }, "geometry": { "type": "Point", "coordinates": [ 31.0443477, -5.1112184 ] } },
{ "type": "Feature", "properties": { "settlement_class": "town" }, "geometry": { "type": "Point", "coordinates": [ 30.9659582, -3.2821339 ] } },
{ "type": "Feature", "properties": { "settlement_class": "town" }, "geometry": { "type": "Point", "coordinates": [ 32.164209, -3.6461603 ] } },
{ "type": "Feature", "properties": { "settlement_class": "city" }, "geometry": { "type": "Point", "coordinates": [ 32.6011558, -3.8289877 ] } },
{ "type": "Feature", "properties": { "settlement_class": "town" }, "geometry": { "type": "Point", "coordinates": [ 33.1951488, -3.8698035 ] } },
{ "type": "Feature", "properties": { "settlement_class": "town" }, "geometry": { "type": "Point", "coordinates": [ 32.7542106, -5.62516 ] } },
{ "type": "Feature", "properties": { "settlement_class": "town" }, "geometry": { "type": "Point", "coordinates": [ 34.4089326, -4.2810999 ] } },
{ "type": "Feature", "properties": { "settlement_class": "town" }, "geometry": { "type": "Point", "coordinates": [ 34.843648, -4.5499236 ] } },
{ "type": "Feature", "properties": { "settlement_class": "town" }, "geometry": { "type": "Point", "coordinates": [ 36.9835742, -3.5589907 ] } },
{ "type": "Feature", "properties": { "settlement_class": "city" }, "geometry": { "type": "Point", "coordinates": [ 38.0211414, -5.4283292 ] } },
{ "type": "Feature", "properties": { "settlement_class": "town" }, "geometry": { "type": "Point", "coordinates": [ 35.8110019, -8.7845624 ] } },
{ "type": "Feature", "properties": { "settlement_class": "town" }, "geometry": { "type": "Point", "coordinates": [ 37.4477829, -6.3042153 ] } },
{ "type": "Feature", "properties": { "settlement_class": "town" }, "geometry": { "type": "Point", "coordinates": [ 38.7388981, -6.7169041 ] } },
{ "type": "Feature", "properties": { "settlement_class": "town" }, "geometry": { "type": "Point", "coordinates": [ 39.2115013, -7.1199031 ] } },
{ "type": "Feature", "properties": { "settlement_class": "town" }, "geometry": { "type": "Point", "coordinates": [ 39.0628746, -7.6316319 ] } },
{ "type": "Feature", "properties": { "settlement_class": "town" }, "geometry": { "type": "Point", "coordinates": [ 31.0457085, -7.5106889 ] } },
{ "type": "Feature", "properties": { "settlement_class": "town" }, "geometry": { "type": "Point", "coordinates": [ 31.2700999, -7.5966056 ] } },
{ "type": "Feature", "properties": { "settlement_class": "city" }, "geometry": { "type": "Point", "coordinates": [ 31.6231898, -7.9523861 ] } },
{ "type": "Feature", "properties": { "settlement_class": "town" }, "geometry": { "type": "Point", "coordinates": [ 31.5214305, -8.29633 ] } },
{ "type": "Feature", "properties": { "settlement_class": "town" }, "geometry": { "type": "Point", "coordinates": [ 34.3771535, -8.7033937 ] } },
{ "type": "Feature", "properties": { "settlement_class": "town" }, "geometry": { "type": "Point", "coordinates": [ 32.9429463, -9.1139548 ] } },
{ "type": "Feature", "properties": { "settlement_class": "city" }, "geometry": { "type": "Point", "coordinates": [ 32.767525, -9.3101642 ] } },
{ "type": "Feature", "properties": { "settlement_class": "town" }, "geometry": { "type": "Point", "coordinates": [ 33.8698055, -9.5905693 ] } },
{ "type": "Feature", "properties": { "settlement_class": "town" }, "geometry": { "type": "Point", "coordinates": [ 36.1383772, -10.4635624 ] } },
{ "type": "Feature", "properties": { "settlement_class": "town" }, "geometry": { "type": "Point", "coordinates": [ 36.8582197, -3.3714009 ] } },
{ "type": "Feature", "properties": { "settlement_class": "town" }, "geometry": { "type": "Point", "coordinates": [ 33.6458601, -9.2558985 ] } },
{ "type": "Feature", "properties": { "settlement_class": "town" }, "geometry": { "type": "Point", "coordinates": [ 37.522982, -3.283763 ] } },
{ "type": "Feature", "properties": { "settlement_class": "town" }, "geometry": { "type": "Point", "coordinates": [ 30.6236463, -7.3698203 ] } },
{ "type": "Feature", "properties": { "settlement_class": "town" }, "geometry": { "type": "Point", "coordinates": [ 40.2507186, -10.3488735 ] } },
{ "type": "Feature", "properties": { "settlement_class": "town" }, "geometry": { "type": "Point", "coordinates": [ 38.9754993, -5.1246329 ] } },
{ "type": "Feature", "properties": { "settlement_class": "town" }, "geometry": { "type": "Point", "coordinates": [ 38.3672549, -4.8463535 ] } },
{ "type": "Feature", "properties": { "settlement_class": "town" }, "geometry": { "type": "Point", "coordinates": [ 33.4445308, -2.5899613 ] } },
{ "type": "Feature", "properties": { "settlement_class": "town" }, "geometry": { "type": "Point", "coordinates": [ 33.8512523, -2.2448598 ] } },
{ "type": "Feature", "properties": { "settlement_class": "town" }, "geometry": { "type": "Point", "coordinates": [ 34.6741255, -1.83975 ] } },
{ "type": "Feature", "properties": { "settlement_class": "town" }, "geometry": { "type": "Point", "coordinates": [ 39.6671536, -7.9113546 ] } },
{ "type": "Feature", "properties": { "settlement_class": "town" }, "geometry": { "type": "Point", "coordinates": [ 39.7685075, -5.2440346 ] } },
{ "type": "Feature", "properties": { "settlement_class": "town" }, "geometry": { "type": "Point", "coordinates": [ 39.648449, -5.359994 ] } },
{ "type": "Feature", "properties": { "settlement_class": "town" }, "geometry": { "type": "Point", "coordinates": [ 37.0673609, -3.1864389 ] } },
{ "type": "Feature", "properties": { "settlement_class": "town" }, "geometry": { "type": "Point", "coordinates": [ 38.3474494, -4.5790517 ] } },
{ "type": "Feature", "properties": { "settlement_class": "town" }, "geometry": { "type": "Point", "coordinates": [ 35.3380425, -3.5171587 ] } },
{ "type": "Feature", "properties": { "settlement_class": "town" }, "geometry": { "type": "Point", "coordinates": [ 35.7334075, -3.3126708 ] } },
{ "type": "Feature", "properties": { "settlement_class": "town" }, "geometry": { "type": "Point", "coordinates": [ 37.8133832, -6.9517228 ] } },
{ "type": "Feature", "properties": { "settlement_class": "town" }, "geometry": { "type": "Point", "coordinates": [ 32.046977, -8.5724624 ] } },
{ "type": "Feature", "properties": { "settlement_class": "town" }, "geometry": { "type": "Point", "coordinates": [ 33.5178878, -6.9420273 ] } },
{ "type": "Feature", "properties": { "settlement_class": "town" }, "geometry": { "type": "Point", "coordinates": [ 31.6687027, -8.6550406 ] } },
{ "type": "Feature", "properties": { "settlement_class": "town" }, "geometry": { "type": "Point", "coordinates": [ 31.7394412, -8.5350786 ] } },
{ "type": "Feature", "properties": { "settlement_class": "town" }, "geometry": { "type": "Point", "coordinates": [ 30.3878909, -5.1027081 ] } },
{ "type": "Feature", "properties": { "settlement_class": "town" }, "geometry": { "type": "Point", "coordinates": [ 36.4072433, -6.1925662 ] } },
{ "type": "Feature", "properties": { "settlement_class": "town" }, "geometry": { "type": "Point", "coordinates": [ 36.8267798, -8.9148169 ] } },
{ "type": "Feature", "properties": { "settlement_class": "town" }, "geometry": { "type": "Point", "coordinates": [ 35.4568555, -10.6325089 ] } },
{ "type": "Feature", "properties": { "settlement_class": "town" }, "geometry": { "type": "Point", "coordinates": [ 36.371526, -6.713716 ] } },
{ "type": "Feature", "properties": { "settlement_class": "town" }, "geometry": { "type": "Point", "coordinates": [ 29.7953426, -4.4449822 ] } },
{ "type": "Feature", "properties": { "settlement_class": "town" }, "geometry": { "type": "Point", "coordinates": [ 39.7997834, -10.691113 ] } },
{ "type": "Feature", "properties": { "settlement_class": "town" }, "geometry": { "type": "Point", "coordinates": [ 38.9274197, -10.0674573 ] } },
{ "type": "Feature", "properties": { "settlement_class": "town" }, "geometry": { "type": "Point", "coordinates": [ 39.412637, -8.7488423 ] } },
{ "type": "Feature", "properties": { "settlement_class": "town" }, "geometry": { "type": "Point", "coordinates": [ 36.718668, -8.6837495 ] } },
{ "type": "Feature", "properties": { "settlement_class": "town" }, "geometry": { "type": "Point", "coordinates": [ 38.4075437, -6.1207108 ] } },
{ "type": "Feature", "properties": { "settlement_class": "town" }, "geometry": { "type": "Point", "coordinates": [ 34.8064, -8.212508 ] } },
{ "type": "Feature", "properties": { "settlement_class": "town" }, "geometry": { "type": "Point", "coordinates": [ 29.6920333, -4.9083727 ] } },
{ "type": "Feature", "properties": { "settlement_class": "town" }, "geometry": { "type": "Point", "coordinates": [ 31.6549612, -1.8416894 ] } },
{ "type": "Feature", "properties": { "settlement_class": "town" }, "geometry": { "type": "Point", "coordinates": [ 30.6549422, -2.5125292 ] } },
{ "type": "Feature", "properties": { "settlement_class": "town" }, "geometry": { "type": "Point", "coordinates": [ 32.7333333, -4.9 ] } },
{ "type": "Feature", "properties": { "settlement_class": "town" }, "geometry": { "type": "Point", "coordinates": [ 38.9837432, -7.9467733 ] } },
{ "type": "Feature", "properties": { "settlement_class": "town" }, "geometry": { "type": "Point", "coordinates": [ 39.5143664, -8.9326308 ] } },
{ "type": "Feature", "properties": { "settlement_class": "town" }, "geometry": { "type": "Point", "coordinates": [ 38.2916519, -5.7870408 ] } },
{ "type": "Feature", "properties": { "settlement_class": "town" }, "geometry": { "type": "Point", "coordinates": [ 36.0388429, -7.6773807 ] } },
{ "type": "Feature", "properties": { "settlement_class": "town" }, "geometry": { "type": "Point", "coordinates": [ 36.9770319, -7.4048524 ] } },
{ "type": "Feature", "properties": { "settlement_class": "town" }, "geometry": { "type": "Point", "coordinates": [ 35.199388, -7.778731 ] } },
{ "type": "Feature", "properties": { "settlement_class": "town" }, "geometry": { "type": "Point", "coordinates": [ 35.1233858, -7.8125919 ] } },
{ "type": "Feature", "properties": { "settlement_class": "town" }, "geometry": { "type": "Point", "coordinates": [ 39.6303998, -10.7639838 ] } },
{ "type": "Feature", "properties": { "settlement_class": "town" }, "geometry": { "type": "Point", "coordinates": [ 31.1407066, -1.5924464 ] } },
{ "type": "Feature", "properties": { "settlement_class": "town" }, "geometry": { "type": "Point", "coordinates": [ 34.5812751, -8.8973933 ] } },
{ "type": "Feature", "properties": { "settlement_class": "town" }, "geometry": { "type": "Point", "coordinates": [ 33.1854892, -9.4115204 ] } },
{ "type": "Feature", "properties": { "settlement_class": "town" }, "geometry": { "type": "Point", "coordinates": [ 38.9364704, -7.7214333 ] } },
{ "type": "Feature", "properties": { "settlement_class": "town" }, "geometry": { "type": "Point", "coordinates": [ 36.486661, -6.3484065 ] } },
{ "type": "Feature", "properties": { "settlement_class": "town" }, "geometry": { "type": "Point", "coordinates": [ 35.7367959, -4.3485191 ] } },
{ "type": "Feature", "properties": { "settlement_class": "town" }, "geometry": { "type": "Point", "coordinates": [ 33.2437663, -8.9517917 ] } },
{ "type": "Feature", "properties": { "settlement_class": "town" }, "geometry": { "type": "Point", "coordinates": [ 35.1422427, -10.7514517 ] } },
{ "type": "Feature", "properties": { "settlement_class": "town" }, "geometry": { "type": "Point", "coordinates": [ 35.0766783, -10.7985862 ] } },
{ "type": "Feature", "properties": { "settlement_class": "town" }, "geometry": { "type": "Point", "coordinates": [ 34.8033475, -11.2854443 ] } },
{ "type": "Feature", "properties": { "settlement_class": "town" }, "geometry": { "type": "Point", "coordinates": [ 35.2454434, -10.6759152 ] } },
{ "type": "Feature", "properties": { "settlement_class": "town" }, "geometry": { "type": "Point", "coordinates": [ 35.3113565, -10.7086357 ] } },
{ "type": "Feature", "properties": { "settlement_class": "town" }, "geometry": { "type": "Point", "coordinates": [ 35.6642759, -10.4023738 ] } },
{ "type": "Feature", "properties": { "settlement_class": "town" }, "geometry": { "type": "Point", "coordinates": [ 34.0933651, -9.2548442 ] } },
{ "type": "Feature", "properties": { "settlement_class": "town" }, "geometry": { "type": "Point", "coordinates": [ 31.1511361, -1.5302676 ] } },
{ "type": "Feature", "properties": { "settlement_class": "town" }, "geometry": { "type": "Point", "coordinates": [ 34.8297391, -8.9916991 ] } },
{ "type": "Feature", "properties": { "settlement_class": "town" }, "geometry": { "type": "Point", "coordinates": [ 34.6331897, -8.8529867 ] } },
{ "type": "Feature", "properties": { "settlement_class": "town" }, "geometry": { "type": "Point", "coordinates": [ 35.0188502, -4.1879932 ] } },
{ "type": "Feature", "properties": { "settlement_class": "town" }, "geometry": { "type": "Point", "coordinates": [ 33.7887949, -1.8264357 ] } },
{ "type": "Feature", "properties": { "settlement_class": "town" }, "geometry": { "type": "Point", "coordinates": [ 33.8378199, -1.8534104 ] } },
{ "type": "Feature", "properties": { "settlement_class": "town" }, "geometry": { "type": "Point", "coordinates": [ 34.3137624, -3.5296462 ] } },
{ "type": "Feature", "properties": { "settlement_class": "town" }, "geometry": { "type": "Point", "coordinates": [ 33.7729412, -3.17922 ] } },
{ "type": "Feature", "properties": { "settlement_class": "town" }, "geometry": { "type": "Point", "coordinates": [ 33.9686528, -2.5093101 ] } },
{ "type": "Feature", "properties": { "settlement_class": "town" }, "geometry": { "type": "Point", "coordinates": [ 31.7452427, -1.4724058 ] } },
{ "type": "Feature", "properties": { "settlement_class": "town" }, "geometry": { "type": "Point", "coordinates": [ 30.0155186, -4.8209299 ] } },
{ "type": "Feature", "properties": { "settlement_class": "town" }, "geometry": { "type": "Point", "coordinates": [ 33.7125115, -4.000576 ] } },
{ "type": "Feature", "properties": { "settlement_class": "town" }, "geometry": { "type": "Point", "coordinates": [ 33.4091602, -3.5601681 ] } },
{ "type": "Feature", "properties": { "settlement_class": "town" }, "geometry": { "type": "Point", "coordinates": [ 33.1096359, -3.3816359 ] } },
{ "type": "Feature", "properties": { "settlement_class": "town" }, "geometry": { "type": "Point", "coordinates": [ 33.0831188, -3.8210727 ] } },
{ "type": "Feature", "properties": { "settlement_class": "town" }, "geometry": { "type": "Point", "coordinates": [ 35.5119457, -4.4205602 ] } },
{ "type": "Feature", "properties": { "settlement_class": "town" }, "geometry": { "type": "Point", "coordinates": [ 34.871984, -4.66857 ] } },
{ "type": "Feature", "properties": { "settlement_class": "town" }, "geometry": { "type": "Point", "coordinates": [ 35.4403262, -4.5005715 ] } },
{ "type": "Feature", "properties": { "settlement_class": "town" }, "geometry": { "type": "Point", "coordinates": [ 35.0231038, -4.536265 ] } },
{ "type": "Feature", "properties": { "settlement_class": "town" }, "geometry": { "type": "Point", "coordinates": [ 32.4208482, -3.533485 ] } },
{ "type": "Feature", "properties": { "settlement_class": "town" }, "geometry": { "type": "Point", "coordinates": [ 32.2347531, -3.112834 ] } },
{ "type": "Feature", "properties": { "settlement_class": "town" }, "geometry": { "type": "Point", "coordinates": [ 34.863397, -4.967557 ] } },
{ "type": "Feature", "properties": { "settlement_class": "town" }, "geometry": { "type": "Point", "coordinates": [ 34.8382186, -5.7467028 ] } },
{ "type": "Feature", "properties": { "settlement_class": "town" }, "geometry": { "type": "Point", "coordinates": [ 31.8883853, -3.1576132 ] } },
{ "type": "Feature", "properties": { "settlement_class": "town" }, "geometry": { "type": "Point", "coordinates": [ 31.7655918, -2.6390341 ] } },
{ "type": "Feature", "properties": { "settlement_class": "town" }, "geometry": { "type": "Point", "coordinates": [ 35.7491485, -4.2100638 ] } },
{ "type": "Feature", "properties": { "settlement_class": "city" }, "geometry": { "type": "Point", "coordinates": [ 39.2074312, -6.1664908 ] } },
{ "type": "Feature", "properties": { "settlement_class": "town" }, "geometry": { "type": "Point", "coordinates": [ 33.086706, -2.108396 ] } },
{ "type": "Feature", "properties": { "settlement_class": "town" }, "geometry": { "type": "Point", "coordinates": [ 33.965171, -1.766117 ] } },
{ "type": "Feature", "properties": { "settlement_class": "town" }, "geometry": { "type": "Point", "coordinates": [ 32.9935384, -2.6804989 ] } },
{ "type": "Feature", "properties": { "settlement_class": "town" }, "geometry": { "type": "Point", "coordinates": [ 34.030873, -1.151039 ] } },
{ "type": "Feature", "properties": { "settlement_class": "town" }, "geometry": { "type": "Point", "coordinates": [ 33.8105358, -3.618364 ] } },
{ "type": "Feature", "properties": { "settlement_class": "town" }, "geometry": { "type": "Point", "coordinates": [ 36.1368593, -8.943947 ] } },
{ "type": "Feature", "properties": { "settlement_class": "town" }, "geometry": { "type": "Point", "coordinates": [ 31.7358274, -2.3758186 ] } },
{ "type": "Feature", "properties": { "settlement_class": "town" }, "geometry": { "type": "Point", "coordinates": [ 31.8981028, -3.4693125 ] } },
{ "type": "Feature", "properties": { "settlement_class": "town" }, "geometry": { "type": "Point", "coordinates": [ 31.9191707, -3.0052661 ] } },
{ "type": "Feature", "properties": { "settlement_class": "town" }, "geometry": { "type": "Point", "coordinates": [ 31.9089887, -3.2510039 ] } },
{ "type": "Feature", "properties": { "settlement_class": "town" }, "geometry": { "type": "Point", "coordinates": [ 32.7679976, -3.8752972 ] } },
{ "type": "Feature", "properties": { "settlement_class": "town" }, "geometry": { "type": "Point", "coordinates": [ 30.5625171, -2.2827714 ] } },
{ "type": "Feature", "properties": { "settlement_class": "town" }, "geometry": { "type": "Point", "coordinates": [ 35.3885779, -4.5226895 ] } },
{ "type": "Feature", "properties": { "settlement_class": "town" }, "geometry": { "type": "Point", "coordinates": [ 39.4351267, -6.1652125 ] } },
{ "type": "Feature", "properties": { "settlement_class": "town" }, "geometry": { "type": "Point", "coordinates": [ 39.2585309, -6.1462912 ] } },
{ "type": "Feature", "properties": { "settlement_class": "town" }, "geometry": { "type": "Point", "coordinates": [ 32.8877456, -4.2241937 ] } },
{ "type": "Feature", "properties": { "settlement_class": "town" }, "geometry": { "type": "Point", "coordinates": [ 32.3220116, -3.1969025 ] } },
{ "type": "Feature", "properties": { "settlement_class": "town" }, "geometry": { "type": "Point", "coordinates": [ 39.4236818, -10.8729547 ] } },
{ "type": "Feature", "properties": { "settlement_class": "town" }, "geometry": { "type": "Point", "coordinates": [ 34.1600706, -2.6423973 ] } },
{ "type": "Feature", "properties": { "settlement_class": "town" }, "geometry": { "type": "Point", "coordinates": [ 33.3574959, -4.0215807 ] } },
{ "type": "Feature", "properties": { "settlement_class": "town" }, "geometry": { "type": "Point", "coordinates": [ 32.4232908, -3.2666463 ] } },
{ "type": "Feature", "properties": { "settlement_class": "town" }, "geometry": { "type": "Point", "coordinates": [ 37.6351976, -3.3777136 ] } },
{ "type": "Feature", "properties": { "settlement_class": "town" }, "geometry": { "type": "Point", "coordinates": [ 34.771308, -5.134581 ] } },
{ "type": "Feature", "properties": { "settlement_class": "town" }, "geometry": { "type": "Point", "coordinates": [ 34.758296, -5.00341 ] } },
{ "type": "Feature", "properties": { "settlement_class": "town" }, "geometry": { "type": "Point", "coordinates": [ 36.4095287, -6.4495485 ] } },
{ "type": "Feature", "properties": { "settlement_class": "town" }, "geometry": { "type": "Point", "coordinates": [ 38.0502736, -4.2674602 ] } },
{ "type": "Feature", "properties": { "settlement_class": "town" }, "geometry": { "type": "Point", "coordinates": [ 39.3681583, -10.3019531 ] } },
{ "type": "Feature", "properties": { "settlement_class": "town" }, "geometry": { "type": "Point", "coordinates": [ 33.2128698, -2.1106067 ] } },
{ "type": "Feature", "properties": { "settlement_class": "town" }, "geometry": { "type": "Point", "coordinates": [ 37.5802904, -3.2807227 ] } },
{ "type": "Feature", "properties": { "settlement_class": "town" }, "geometry": { "type": "Point", "coordinates": [ 37.6170834, -3.1905023 ] } },
{ "type": "Feature", "properties": { "settlement_class": "town" }, "geometry": { "type": "Point", "coordinates": [ 33.1349307, -4.0264413 ] } },
{ "type": "Feature", "properties": { "settlement_class": "town" }, "geometry": { "type": "Point", "coordinates": [ 38.3839933, -10.9336082 ] } },
{ "type": "Feature", "properties": { "settlement_class": "town" }, "geometry": { "type": "Point", "coordinates": [ 32.4075935, -5.22451 ] } },
{ "type": "Feature", "properties": { "settlement_class": "town" }, "geometry": { "type": "Point", "coordinates": [ 32.9699738, -2.5076373 ] } },
{ "type": "Feature", "properties": { "settlement_class": "town" }, "geometry": { "type": "Point", "coordinates": [ 34.8251425, -8.8597237 ] } },
{ "type": "Feature", "properties": { "settlement_class": "town" }, "geometry": { "type": "Point", "coordinates": [ 39.0716653, -6.907989 ] } },
{ "type": "Feature", "properties": { "settlement_class": "town" }, "geometry": { "type": "Point", "coordinates": [ 39.5533652, -6.412746 ] } },
{ "type": "Feature", "properties": { "settlement_class": "town" }, "geometry": { "type": "Point", "coordinates": [ 30.2649535, -4.0610052 ] } },
{ "type": "Feature", "properties": { "settlement_class": "town" }, "geometry": { "type": "Point", "coordinates": [ 38.7899105, -5.175611 ] } },
{ "type": "Feature", "properties": { "settlement_class": "town" }, "geometry": { "type": "Point", "coordinates": [ 36.8604398, -3.1802595 ] } },
{ "type": "Feature", "properties": { "settlement_class": "town" }, "geometry": { "type": "Point", "coordinates": [ 39.308264, -7.0068581 ] } },
{ "type": "Feature", "properties": { "settlement_class": "town" }, "geometry": { "type": "Point", "coordinates": [ 34.2323509, -9.3727799 ] } },
{ "type": "Feature", "properties": { "settlement_class": "town" }, "geometry": { "type": "Point", "coordinates": [ 39.2081324, -6.1695423 ] } },
{ "type": "Feature", "properties": { "settlement_class": "town" }, "geometry": { "type": "Point", "coordinates": [ 39.209238, -6.157574 ] } },
{ "type": "Feature", "properties": { "settlement_class": "town" }, "geometry": { "type": "Point", "coordinates": [ 30.7766533, -2.3818931 ] } },
{ "type": "Feature", "properties": { "settlement_class": "city" }, "geometry": { "type": "Point", "coordinates": [ 30.099234, -4.5773996 ] } },
{ "type": "Feature", "properties": { "settlement_class": "town" }, "geometry": { "type": "Point", "coordinates": [ 39.054358, -5.0560358 ] } },
{ "type": "Feature", "properties": { "settlement_class": "town" }, "geometry": { "type": "Point", "coordinates": [ 29.6734261, -4.7139759 ] } },
{ "type": "Feature", "properties": { "settlement_class": "town" }, "geometry": { "type": "Point", "coordinates": [ 31.3962489, -7.2523572 ] } },
{ "type": "Feature", "properties": { "settlement_class": "town" }, "geometry": { "type": "Point", "coordinates": [ 35.6219564, -2.0554127 ] } },
{ "type": "Feature", "properties": { "settlement_class": "town" }, "geometry": { "type": "Point", "coordinates": [ 33.7724201, -9.5726966 ] } },
{ "type": "Feature", "properties": { "settlement_class": "town" }, "geometry": { "type": "Point", "coordinates": [ 38.3925651, -4.5094406 ] } },
{ "type": "Feature", "properties": { "settlement_class": "city" }, "geometry": { "type": "Point", "coordinates": [ 32.9143095, -2.5307528 ] } },
{ "type": "Feature", "properties": { "settlement_class": "city" }, "geometry": { "type": "Point", "coordinates": [ 32.9203929, -2.5279938 ] } },
{ "type": "Feature", "properties": { "settlement_class": "city" }, "geometry": { "type": "Point", "coordinates": [ 32.9125714, -2.5320605 ] } },
{ "type": "Feature", "properties": { "settlement_class": "city" }, "geometry": { "type": "Point", "coordinates": [ 32.9060261, -2.5191988 ] } },
{ "type": "Feature", "properties": { "settlement_class": "town" }, "geometry": { "type": "Point", "coordinates": [ 36.2660693, -2.979943 ] } },
{ "type": "Feature", "properties": { "settlement_class": "city" }, "geometry": { "type": "Point", "coordinates": [ 32.6433865, -2.6502964 ] } },
{ "type": "Feature", "properties": { "settlement_class": "town" }, "geometry": { "type": "Point", "coordinates": [ 35.2405215, -9.0789609 ] } },
{ "type": "Feature", "properties": { "settlement_class": "town" }, "geometry": { "type": "Point", "coordinates": [ 39.0434751, -10.9097403 ] } },
{ "type": "Feature", "properties": { "settlement_class": "town" }, "geometry": { "type": "Point", "coordinates": [ 32.0704195, -5.0715265 ] } },
{ "type": "Feature", "properties": { "settlement_class": "town" }, "geometry": { "type": "Point", "coordinates": [ 34.4283653, -1.9555569 ] } },
{ "type": "Feature", "properties": { "settlement_class": "city" }, "geometry": { "type": "Point", "coordinates": [ 39.1862836, -6.1627896 ] } },
{ "type": "Feature", "properties": { "settlement_class": "city" }, "geometry": { "type": "Point", "coordinates": [ 35.6970649, -7.778902 ] } },
{ "type": "Feature", "properties": { "settlement_class": "town" }, "geometry": { "type": "Point", "coordinates": [ 31.4913768, -8.6886556 ] } },
{ "type": "Feature", "properties": { "settlement_class": "city" }, "geometry": { "type": "Point", "coordinates": [ 29.6296319, -4.877862 ] } },
{ "type": "Feature", "properties": { "settlement_class": "town" }, "geometry": { "type": "Point", "coordinates": [ 36.7464042, -5.3073046 ] } },
{ "type": "Feature", "properties": { "settlement_class": "town" }, "geometry": { "type": "Point", "coordinates": [ 37.9213929, -5.4218024 ] } },
{ "type": "Feature", "properties": { "settlement_class": "town" }, "geometry": { "type": "Point", "coordinates": [ 38.5029173, -7.1390057 ] } },
{ "type": "Feature", "properties": { "settlement_class": "town" }, "geometry": { "type": "Point", "coordinates": [ 18.869167, -33.934444 ] } },
{ "type": "Feature", "properties": { "settlement_class": "city" }, "geometry": { "type": "Point", "coordinates": [ 25.6186731, -33.9618598 ] } },
{ "type": "Feature", "properties": { "settlement_class": "city" }, "geometry": { "type": "Point", "coordinates": [ 28.1879101, -25.7459277 ] } },
{ "type": "Feature", "properties": { "settlement_class": "town" }, "geometry": { "type": "Point", "coordinates": [ 27.7841667, -25.6297222 ] } },
{ "type": "Feature", "properties": { "settlement_class": "town" }, "geometry": { "type": "Point", "coordinates": [ 25.6208333, -32.1644444 ] } },
{ "type": "Feature", "properties": { "settlement_class": "town" }, "geometry": { "type": "Point", "coordinates": [ 25.802622, -32.7441338 ] } },
{ "type": "Feature", "properties": { "settlement_class": "town" }, "geometry": { "type": "Point", "coordinates": [ 25.4687529, -33.798352 ] } },
{ "type": "Feature", "properties": { "settlement_class": "town" }, "geometry": { "type": "Point", "coordinates": [ 24.922222, -34.051111 ] } },
{ "type": "Feature", "properties": { "settlement_class": "town" }, "geometry": { "type": "Point", "coordinates": [ 23.369444, -34.052778 ] } },
{ "type": "Feature", "properties": { "settlement_class": "city" }, "geometry": { "type": "Point", "coordinates": [ 22.4587148, -33.9597212 ] } },
{ "type": "Feature", "properties": { "settlement_class": "town" }, "geometry": { "type": "Point", "coordinates": [ 20.9585895, -34.089958 ] } },
{ "type": "Feature", "properties": { "settlement_class": "town" }, "geometry": { "type": "Point", "coordinates": [ 19.914444, -34.150278 ] } },
{ "type": "Feature", "properties": { "settlement_class": "town" }, "geometry": { "type": "Point", "coordinates": [ 19.202317, -34.226759 ] } },
{ "type": "Feature", "properties": { "settlement_class": "town" }, "geometry": { "type": "Point", "coordinates": [ 19.428333, -34.23 ] } },
{ "type": "Feature", "properties": { "settlement_class": "city" }, "geometry": { "type": "Point", "coordinates": [ 27.8855649, -26.156663 ] } },
{ "type": "Feature", "properties": { "settlement_class": "town" }, "geometry": { "type": "Point", "coordinates": [ 28.180556, -26.229444 ] } },
{ "type": "Feature", "properties": { "settlement_class": "town" }, "geometry": { "type": "Point", "coordinates": [ 28.2617471, -26.2124639 ] } },
{ "type": "Feature", "properties": { "settlement_class": "town" }, "geometry": { "type": "Point", "coordinates": [ 20.859167, -33.195 ] } },
{ "type": "Feature", "properties": { "settlement_class": "town" }, "geometry": { "type": "Point", "coordinates": [ 22.580556, -32.353611 ] } },
{ "type": "Feature", "properties": { "settlement_class": "town" }, "geometry": { "type": "Point", "coordinates": [ 25.096667, -30.721111 ] } },
{ "type": "Feature", "properties": { "settlement_class": "city" }, "geometry": { "type": "Point", "coordinates": [ 26.215496, -29.116395 ] } },
{ "type": "Feature", "properties": { "settlement_class": "town" }, "geometry": { "type": "Point", "coordinates": [ 25.782544, -30.032198 ] } },
{ "type": "Feature", "properties": { "settlement_class": "town" }, "geometry": { "type": "Point", "coordinates": [ 23.943611, -31.413056 ] } },
{ "type": "Feature", "properties": { "settlement_class": "city" }, "geometry": { "type": "Point", "coordinates": [ 31.009909, -29.861825 ] } },
{ "type": "Feature", "properties": { "settlement_class": "city" }, "geometry": { "type": "Point", "coordinates": [ 27.89, -26.2227778 ] } },
{ "type": "Feature", "properties": { "settlement_class": "town" }, "geometry": { "type": "Point", "coordinates": [ 28.683611, -26.146111 ] } },
{ "type": "Feature", "properties": { "settlement_class": "city" }, "geometry": { "type": "Point", "coordinates": [ 29.202778, -26.516111 ] } },
{ "type": "Feature", "properties": { "settlement_class": "town" }, "geometry": { "type": "Point", "coordinates": [ 19.2361111, -34.4175 ] } },
{ "type": "Feature", "properties": { "settlement_class": "town" }, "geometry": { "type": "Point", "coordinates": [ 19.45448, -34.4393643 ] } },
{ "type": "Feature", "properties": { "settlement_class": "town" }, "geometry": { "type": "Point", "coordinates": [ 19.352222, -34.582778 ] } },
{ "type": "Feature", "properties": { "settlement_class": "town" }, "geometry": { "type": "Point", "coordinates": [ 18.830564, -34.10556 ] } },
{ "type": "Feature", "properties": { "settlement_class": "town" }, "geometry": { "type": "Point", "coordinates": [ 18.917778, -34.353611 ] } },
{ "type": "Feature", "properties": { "settlement_class": "town" }, "geometry": { "type": "Point", "coordinates": [ 19.025278, -34.338889 ] } },
{ "type": "Feature", "properties": { "settlement_class": "city" }, "geometry": { "type": "Point", "coordinates": [ 27.8998573, -33.0191604 ] } },
{ "type": "Feature", "properties": { "settlement_class": "town" }, "geometry": { "type": "Point", "coordinates": [ 24.5336485, -32.2535405 ] } },
{ "type": "Feature", "properties": { "settlement_class": "city" }, "geometry": { "type": "Point", "coordinates": [ 30.3788889, -29.6 ] } },
{ "type": "Feature", "properties": { "settlement_class": "city" }, "geometry": { "type": "Point", "coordinates": [ 30.9772719, -25.4729094 ] } },
{ "type": "Feature", "properties": { "settlement_class": "town" }, "geometry": { "type": "Point", "coordinates": [ 17.9455556, -32.9977778 ] } },
{ "type": "Feature", "properties": { "settlement_class": "city" }, "geometry": { "type": "Point", "coordinates": [ 32.0577775, -28.7707857 ] } },
{ "type": "Feature", "properties": { "settlement_class": "city" }, "geometry": { "type": "Point", "coordinates": [ 26.5272648, -33.3070589 ] } },
{ "type": "Feature", "properties": { "settlement_class": "town" }, "geometry": { "type": "Point", "coordinates": [ 26.8914772, -33.5981844 ] } },
{ "type": "Feature", "properties": { "settlement_class": "town" }, "geometry": { "type": "Point", "coordinates": [ 25.5907223, -33.8008094 ] } },
{ "type": "Feature", "properties": { "settlement_class": "city" }, "geometry": { "type": "Point", "coordinates": [ 29.2099962, -25.8762409 ] } },
{ "type": "Feature", "properties": { "settlement_class": "city" }, "geometry": { "type": "Point", "coordinates": [ 29.906665, -23.038326 ] } },
{ "type": "Feature", "properties": { "settlement_class": "city" }, "geometry": { "type": "Point", "coordinates": [ 27.241448, -25.665655 ] } },
{ "type": "Feature", "properties": { "settlement_class": "city" }, "geometry": { "type": "Point", "coordinates": [ 26.733255, -29.232412 ] } },
{ "type": "Feature", "properties": { "settlement_class": "city" }, "geometry": { "type": "Point", "coordinates": [ 18.9642117, -33.7310282 ] } },
{ "type": "Feature", "properties": { "settlement_class": "town" }, "geometry": { "type": "Point", "coordinates": [ 19.445927, -33.646238 ] } },
{ "type": "Feature", "properties": { "settlement_class": "city" }, "geometry": { "type": "Point", "coordinates": [ 29.932561, -27.7544581 ] } },
{ "type": "Feature", "properties": { "settlement_class": "town" }, "geometry": { "type": "Point", "coordinates": [ 26.4094444, -33.6530556 ] } },
{ "type": "Feature", "properties": { "settlement_class": "town" }, "geometry": { "type": "Point", "coordinates": [ 20.042778, -34.533055 ] } },
{ "type": "Feature", "properties": { "settlement_class": "city" }, "geometry": { "type": "Point", "coordinates": [ 18.4172197, -33.9288301 ] } },
{ "type": "Feature", "properties": { "settlement_class": "town" }, "geometry": { "type": "Point", "coordinates": [ 29.4555234, -25.7678012 ] } },
{ "type": "Feature", "properties": { "settlement_class": "city" }, "geometry": { "type": "Point", "coordinates": [ 21.241867, -28.456325 ] } },
{ "type": "Feature", "properties": { "settlement_class": "town" }, "geometry": { "type": "Point", "coordinates": [ 17.8831039, -29.6660948 ] } },
{ "type": "Feature", "properties": { "settlement_class": "town" }, "geometry": { "type": "Point", "coordinates": [ 24.7300938, -26.955347 ] } },
{ "type": "Feature", "properties": { "settlement_class": "town" }, "geometry": { "type": "Point", "coordinates": [ 18.723611, -33.460278 ] } },
{ "type": "Feature", "properties": { "settlement_class": "town" }, "geometry": { "type": "Point", "coordinates": [ 24.95158, -31.179983 ] } },
{ "type": "Feature", "properties": { "settlement_class": "town" }, "geometry": { "type": "Point", "coordinates": [ 25.006667, -31.493889 ] } },
{ "type": "Feature", "properties": { "settlement_class": "town" }, "geometry": { "type": "Point", "coordinates": [ 27.235515, -27.6532701 ] } },
{ "type": "Feature", "properties": { "settlement_class": "city" }, "geometry": { "type": "Point", "coordinates": [ 27.9261111, -26.6747222 ] } },
{ "type": "Feature", "properties": { "settlement_class": "town" }, "geometry": { "type": "Point", "coordinates": [ 26.324722, -30.992222 ] } },
{ "type": "Feature", "properties": { "settlement_class": "town" }, "geometry": { "type": "Point", "coordinates": [ 26.709722, -30.694167 ] } },
{ "type": "Feature", "properties": { "settlement_class": "town" }, "geometry": { "type": "Point", "coordinates": [ 26.837205, -30.418428 ] } },
{ "type": "Feature", "properties": { "settlement_class": "town" }, "geometry": { "type": "Point", "coordinates": [ 26.5302778, -30.2172222 ] } },
{ "type": "Feature", "properties": { "settlement_class": "town" }, "geometry": { "type": "Point", "coordinates": [ 24.0657994, -32.4767191 ] } },
{ "type": "Feature", "properties": { "settlement_class": "town" }, "geometry": { "type": "Point", "coordinates": [ 23.488296, -33.29533 ] } },
{ "type": "Feature", "properties": { "settlement_class": "town" }, "geometry": { "type": "Point", "coordinates": [ 27.3937677, -32.8802106 ] } },
{ "type": "Feature", "properties": { "settlement_class": "town" }, "geometry": { "type": "Point", "coordinates": [ 26.173544, -29.652326 ] } },
{ "type": "Feature", "properties": { "settlement_class": "city" }, "geometry": { "type": "Point", "coordinates": [ 30.0268526, -22.3453519 ] } },
{ "type": "Feature", "properties": { "settlement_class": "town" }, "geometry": { "type": "Point", "coordinates": [ 20.441944, -34.021111 ] } },
{ "type": "Feature", "properties": { "settlement_class": "city" }, "geometry": { "type": "Point", "coordinates": [ 29.7825044, -28.5587291 ] } },
{ "type": "Feature", "properties": { "settlement_class": "town" }, "geometry": { "type": "Point", "coordinates": [ 29.9862195, -26.5201061 ] } },
{ "type": "Feature", "properties": { "settlement_class": "city" }, "geometry": { "type": "Point", "coordinates": [ 29.016667, -24.183333 ] } },
{ "type": "Feature", "properties": { "settlement_class": "town" }, "geometry": { "type": "Point", "coordinates": [ 23.120556, -31.403055 ] } },
{ "type": "Feature", "properties": { "settlement_class": "town" }, "geometry": { "type": "Point", "coordinates": [ 28.1444796, -32.3320138 ] } },
{ "type": "Feature", "properties": { "settlement_class": "town" }, "geometry": { "type": "Point", "coordinates": [ 28.304297, -32.097151 ] } },
{ "type": "Feature", "properties": { "settlement_class": "town" }, "geometry": { "type": "Point", "coordinates": [ 29.424444, -30.5475 ] } },
{ "type": "Feature", "properties": { "settlement_class": "town" }, "geometry": { "type": "Point", "coordinates": [ 23.1255556, -33.6555556 ] } },
{ "type": "Feature", "properties": { "settlement_class": "town" }, "geometry": { "type": "Point", "coordinates": [ 18.656389, -33.155278 ] } },
{ "type": "Feature", "properties": { "settlement_class": "town" }, "geometry": { "type": "Point", "coordinates": [ 30.807778, -27.006667 ] } },
{ "type": "Feature", "properties": { "settlement_class": "town" }, "geometry": { "type": "Point", "coordinates": [ 27.457589, -29.192706 ] } },
{ "type": "Feature", "properties": { "settlement_class": "town" }, "geometry": { "type": "Point", "coordinates": [ 24.0075, -30.6505556 ] } },
{ "type": "Feature", "properties": { "settlement_class": "town" }, "geometry": { "type": "Point", "coordinates": [ 22.74439, -29.666286 ] } },
{ "type": "Feature", "properties": { "settlement_class": "town" }, "geometry": { "type": "Point", "coordinates": [ 30.7947249, -26.0483253 ] } },
{ "type": "Feature", "properties": { "settlement_class": "town" }, "geometry": { "type": "Point", "coordinates": [ 31.0783596, -26.0092555 ] } },
{ "type": "Feature", "properties": { "settlement_class": "town" }, "geometry": { "type": "Point", "coordinates": [ 29.467136, -26.4570945 ] } },
{ "type": "Feature", "properties": { "settlement_class": "town" }, "geometry": { "type": "Point", "coordinates": [ 28.3088889, -28.2308333 ] } },
{ "type": "Feature", "properties": { "settlement_class": "town" }, "geometry": { "type": "Point", "coordinates": [ 27.6225, -28.316944 ] } },
{ "type": "Feature", "properties": { "settlement_class": "town" }, "geometry": { "type": "Point", "coordinates": [ 27.010833, -28.516667 ] } },
{ "type": "Feature", "properties": { "settlement_class": "town" }, "geometry": { "type": "Point", "coordinates": [ 26.8709762, -31.8959475 ] } },
{ "type": "Feature", "properties": { "settlement_class": "town" }, "geometry": { "type": "Point", "coordinates": [ 24.8358954, -27.9207036 ] } },
{ "type": "Feature", "properties": { "settlement_class": "city" }, "geometry": { "type": "Point", "coordinates": [ 25.658611, -25.863611 ] } },
{ "type": "Feature", "properties": { "settlement_class": "city" }, "geometry": { "type": "Point", "coordinates": [ 26.6656814, -26.8625383 ] } },
{ "type": "Feature", "properties": { "settlement_class": "town" }, "geometry": { "type": "Point", "coordinates": [ 27.401916, -26.361436 ] } },
{ "type": "Feature", "properties": { "settlement_class": "city" }, "geometry": { "type": "Point", "coordinates": [ 27.775556, -26.095556 ] } },
{ "type": "Feature", "properties": { "settlement_class": "town" }, "geometry": { "type": "Point", "coordinates": [ 31.4704425, -28.889191 ] } },
{ "type": "Feature", "properties": { "settlement_class": "town" }, "geometry": { "type": "Point", "coordinates": [ 27.456125, -26.904354 ] } },
{ "type": "Feature", "properties": { "settlement_class": "town" }, "geometry": { "type": "Point", "coordinates": [ 26.671926, -26.975276 ] } },
{ "type": "Feature", "properties": { "settlement_class": "town" }, "geometry": { "type": "Point", "coordinates": [ 25.6066667, -27.6461111 ] } },
{ "type": "Feature", "properties": { "settlement_class": "town" }, "geometry": { "type": "Point", "coordinates": [ 28.71627, -24.514403 ] } },
{ "type": "Feature", "properties": { "settlement_class": "town" }, "geometry": { "type": "Point", "coordinates": [ 24.7700503, -34.0300592 ] } },
{ "type": "Feature", "properties": { "settlement_class": "town" }, "geometry": { "type": "Point", "coordinates": [ 30.116389, -26.068889 ] } },
{ "type": "Feature", "properties": { "settlement_class": "town" }, "geometry": { "type": "Point", "coordinates": [ 28.533168, -25.740067 ] } },
{ "type": "Feature", "properties": { "settlement_class": "town" }, "geometry": { "type": "Point", "coordinates": [ 28.528889, -25.670556 ] } },
{ "type": "Feature", "properties": { "settlement_class": "town" }, "geometry": { "type": "Point", "coordinates": [ 31.214517, -29.543864 ] } },
{ "type": "Feature", "properties": { "settlement_class": "town" }, "geometry": { "type": "Point", "coordinates": [ 19.8816221, -33.8035849 ] } },
{ "type": "Feature", "properties": { "settlement_class": "town" }, "geometry": { "type": "Point", "coordinates": [ 20.0553369, -33.8339436 ] } },
{ "type": "Feature", "properties": { "settlement_class": "town" }, "geometry": { "type": "Point", "coordinates": [ 26.859444, -28.103056 ] } },
{ "type": "Feature", "properties": { "settlement_class": "town" }, "geometry": { "type": "Point", "coordinates": [ 28.741389, -25.808056 ] } },
{ "type": "Feature", "properties": { "settlement_class": "town" }, "geometry": { "type": "Point", "coordinates": [ 21.6878637, -33.5326711 ] } },
{ "type": "Feature", "properties": { "settlement_class": "town" }, "geometry": { "type": "Point", "coordinates": [ 21.266667, -33.492222 ] } },
{ "type": "Feature", "properties": { "settlement_class": "town" }, "geometry": { "type": "Point", "coordinates": [ 20.1178282, -33.7869944 ] } },
{ "type": "Feature", "properties": { "settlement_class": "town" }, "geometry": { "type": "Point", "coordinates": [ 23.760556, -31.9625 ] } },
{ "type": "Feature", "properties": { "settlement_class": "town" }, "geometry": { "type": "Point", "coordinates": [ 29.351667, -28.731111 ] } },
{ "type": "Feature", "properties": { "settlement_class": "town" }, "geometry": { "type": "Point", "coordinates": [ 30.6733333, -28.2166667 ] } },
{ "type": "Feature", "properties": { "settlement_class": "town" }, "geometry": { "type": "Point", "coordinates": [ 30.235, -28.161389 ] } },
{ "type": "Feature", "properties": { "settlement_class": "town" }, "geometry": { "type": "Point", "coordinates": [ 30.164722, -28.173889 ] } },
{ "type": "Feature", "properties": { "settlement_class": "town" }, "geometry": { "type": "Point", "coordinates": [ 30.038611, -27.745 ] } },
{ "type": "Feature", "properties": { "settlement_class": "town" }, "geometry": { "type": "Point", "coordinates": [ 30.129167, -27.786944 ] } },
{ "type": "Feature", "properties": { "settlement_class": "town" }, "geometry": { "type": "Point", "coordinates": [ 30.588889, -29.060556 ] } },
{ "type": "Feature", "properties": { "settlement_class": "town" }, "geometry": { "type": "Point", "coordinates": [ 29.868611, -29.010278 ] } },
{ "type": "Feature", "properties": { "settlement_class": "town" }, "geometry": { "type": "Point", "coordinates": [ 31.137577, -23.948502 ] } },
{ "type": "Feature", "properties": { "settlement_class": "town" }, "geometry": { "type": "Point", "coordinates": [ 30.1611111, -23.8319444 ] } },
{ "type": "Feature", "properties": { "settlement_class": "town" }, "geometry": { "type": "Point", "coordinates": [ 26.630576, -32.7782823 ] } },
{ "type": "Feature", "properties": { "settlement_class": "town" }, "geometry": { "type": "Point", "coordinates": [ 26.7661111, -32.5555556 ] } },
{ "type": "Feature", "properties": { "settlement_class": "town" }, "geometry": { "type": "Point", "coordinates": [ 25.4441667, -33.3975 ] } },
{ "type": "Feature", "properties": { "settlement_class": "town" }, "geometry": { "type": "Point", "coordinates": [ 27.139167, -28.084444 ] } },
{ "type": "Feature", "properties": { "settlement_class": "town" }, "geometry": { "type": "Point", "coordinates": [ 27.4261111, -32.5702778 ] } },
{ "type": "Feature", "properties": { "settlement_class": "town" }, "geometry": { "type": "Point", "coordinates": [ 26.2605556, -32.0072222 ] } },
{ "type": "Feature", "properties": { "settlement_class": "town" }, "geometry": { "type": "Point", "coordinates": [ 29.5453373, -31.6204519 ] } },
{ "type": "Feature", "properties": { "settlement_class": "town" }, "geometry": { "type": "Point", "coordinates": [ 19.777222, -31.469444 ] } },
{ "type": "Feature", "properties": { "settlement_class": "town" }, "geometry": { "type": "Point", "coordinates": [ 18.8489342, -34.0822195 ] } },
{ "type": "Feature", "properties": { "settlement_class": "town" }, "geometry": { "type": "Point", "coordinates": [ 30.666389, -26.626667 ] } },
{ "type": "Feature", "properties": { "settlement_class": "town" }, "geometry": { "type": "Point", "coordinates": [ 19.29, -33.990278 ] } },
{ "type": "Feature", "properties": { "settlement_class": "town" }, "geometry": { "type": "Point", "coordinates": [ 19.119444, -33.909167 ] } },
{ "type": "Feature", "properties": { "settlement_class": "town" }, "geometry": { "type": "Point", "coordinates": [ 18.180556, -32.785556 ] } },
{ "type": "Feature", "properties": { "settlement_class": "town" }, "geometry": { "type": "Point", "coordinates": [ 17.990037, -32.906738 ] } },
{ "type": "Feature", "properties": { "settlement_class": "town" }, "geometry": { "type": "Point", "coordinates": [ 19.140667, -33.285059 ] } },
{ "type": "Feature", "properties": { "settlement_class": "town" }, "geometry": { "type": "Point", "coordinates": [ 19.309167, -33.368333 ] } },
{ "type": "Feature", "properties": { "settlement_class": "town" }, "geometry": { "type": "Point", "coordinates": [ 19.014722, -32.589444 ] } },
{ "type": "Feature", "properties": { "settlement_class": "town" }, "geometry": { "type": "Point", "coordinates": [ 18.5002778, -33.5672222 ] } },
{ "type": "Feature", "properties": { "settlement_class": "town" }, "geometry": { "type": "Point", "coordinates": [ 21.411111, -34.368333 ] } },
{ "type": "Feature", "properties": { "settlement_class": "town" }, "geometry": { "type": "Point", "coordinates": [ 18.379189, -33.376426 ] } },
{ "type": "Feature", "properties": { "settlement_class": "town" }, "geometry": { "type": "Point", "coordinates": [ 19.010556, -33.643055 ] } },
{ "type": "Feature", "properties": { "settlement_class": "town" }, "geometry": { "type": "Point", "coordinates": [ 18.349814, -33.063397 ] } },
{ "type": "Feature", "properties": { "settlement_class": "town" }, "geometry": { "type": "Point", "coordinates": [ 18.160208, -33.346104 ] } },
{ "type": "Feature", "properties": { "settlement_class": "town" }, "geometry": { "type": "Point", "coordinates": [ 19.013889, -34.153056 ] } },
{ "type": "Feature", "properties": { "settlement_class": "town" }, "geometry": { "type": "Point", "coordinates": [ 18.034889, -33.090717 ] } },
{ "type": "Feature", "properties": { "settlement_class": "town" }, "geometry": { "type": "Point", "coordinates": [ 29.302271, -30.958646 ] } },
{ "type": "Feature", "properties": { "settlement_class": "town" }, "geometry": { "type": "Point", "coordinates": [ 31.2450316, -24.9776929 ] } },
{ "type": "Feature", "properties": { "settlement_class": "town" }, "geometry": { "type": "Point", "coordinates": [ 31.1283552, -25.0441726 ] } },
{ "type": "Feature", "properties": { "settlement_class": "town" }, "geometry": { "type": "Point", "coordinates": [ 28.419444, -28.513743 ] } },
{ "type": "Feature", "properties": { "settlement_class": "town" }, "geometry": { "type": "Point", "coordinates": [ 20.661111, -32.393889 ] } },
{ "type": "Feature", "properties": { "settlement_class": "town" }, "geometry": { "type": "Point", "coordinates": [ 27.952222, -28.295833 ] } },
{ "type": "Feature", "properties": { "settlement_class": "town" }, "geometry": { "type": "Point", "coordinates": [ 18.4963889, -33.8794444 ] } },
{ "type": "Feature", "properties": { "settlement_class": "town" }, "geometry": { "type": "Point", "coordinates": [ 30.0333669, -25.6875425 ] } },
{ "type": "Feature", "properties": { "settlement_class": "town" }, "geometry": { "type": "Point", "coordinates": [ 18.433266, -34.193181 ] } },
{ "type": "Feature", "properties": { "settlement_class": "town" }, "geometry": { "type": "Point", "coordinates": [ 26.685278, -27.874167 ] } },
{ "type": "Feature", "properties": { "settlement_class": "town" }, "geometry": { "type": "Point", "coordinates": [ 27.969444, -27.286389 ] } },
{ "type": "Feature", "properties": { "settlement_class": "town" }, "geometry": { "type": "Point", "coordinates": [ 30.7885741, -27.7704908 ] } },
{ "type": "Feature", "properties": { "settlement_class": "city" }, "geometry": { "type": "Point", "coordinates": [ 28.049722, -26.205 ] } },
{ "type": "Feature", "properties": { "settlement_class": "town" }, "geometry": { "type": "Point", "coordinates": [ 31.081944, -24.589444 ] } },
{ "type": "Feature", "properties": { "settlement_class": "town" }, "geometry": { "type": "Point", "coordinates": [ 26.2950503, -32.7060195 ] } },
{ "type": "Feature", "properties": { "settlement_class": "town" }, "geometry": { "type": "Point", "coordinates": [ 18.8406534, -29.2370676 ] } },
{ "type": "Feature", "properties": { "settlement_class": "town" }, "geometry": { "type": "Point", "coordinates": [ 26.8365447, -32.7884374 ] } },
{ "type": "Feature", "properties": { "settlement_class": "town" }, "geometry": { "type": "Point", "coordinates": [ 29.8675, -27.008333 ] } },
{ "type": "Feature", "properties": { "settlement_class": "town" }, "geometry": { "type": "Point", "coordinates": [ 20.4305485, -28.6599925 ] } },
{ "type": "Feature", "properties": { "settlement_class": "town" }, "geometry": { "type": "Point", "coordinates": [ 30.568142, -25.958247 ] } },
{ "type": "Feature", "properties": { "settlement_class": "town" }, "geometry": { "type": "Point", "coordinates": [ 28.589806, -26.658679 ] } },
{ "type": "Feature", "properties": { "settlement_class": "town" }, "geometry": { "type": "Point", "coordinates": [ 27.5957182, -30.9682842 ] } },
{ "type": "Feature", "properties": { "settlement_class": "town" }, "geometry": { "type": "Point", "coordinates": [ 26.0883333, -32.6783333 ] } },
{ "type": "Feature", "properties": { "settlement_class": "town" }, "geometry": { "type": "Point", "coordinates": [ 28.2904774, -24.8806014 ] } },
{ "type": "Feature", "properties": { "settlement_class": "town" }, "geometry": { "type": "Point", "coordinates": [ 27.5813799, -32.8850646 ] } },
{ "type": "Feature", "properties": { "settlement_class": "town" }, "geometry": { "type": "Point", "coordinates": [ 29.8532661, -30.8589668 ] } },
{ "type": "Feature", "properties": { "settlement_class": "town" }, "geometry": { "type": "Point", "coordinates": [ 31.067731, -24.83356 ] } },
{ "type": "Feature", "properties": { "settlement_class": "town" }, "geometry": { "type": "Point", "coordinates": [ 25.238769, -28.538603 ] } },
{ "type": "Feature", "properties": { "settlement_class": "town" }, "geometry": { "type": "Point", "coordinates": [ 26.150556, -28.286944 ] } },
{ "type": "Feature", "properties": { "settlement_class": "town" }, "geometry": { "type": "Point", "coordinates": [ 30.328333, -24.673611 ] } },
{ "type": "Feature", "properties": { "settlement_class": "town" }, "geometry": { "type": "Point", "coordinates": [ 27.696104, -31.522636 ] } },
{ "type": "Feature", "properties": { "settlement_class": "town" }, "geometry": { "type": "Point", "coordinates": [ 29.0414439, -30.3865704 ] } },
{ "type": "Feature", "properties": { "settlement_class": "town" }, "geometry": { "type": "Point", "coordinates": [ 25.1646182, -27.9136426 ] } },
{ "type": "Feature", "properties": { "settlement_class": "town" }, "geometry": { "type": "Point", "coordinates": [ 27.565556, -28.913889 ] } },
{ "type": "Feature", "properties": { "settlement_class": "town" }, "geometry": { "type": "Point", "coordinates": [ 30.058056, -28.014167 ] } },
{ "type": "Feature", "properties": { "settlement_class": "town" }, "geometry": { "type": "Point", "coordinates": [ 25.765095, -28.675458 ] } },
{ "type": "Feature", "properties": { "settlement_class": "town" }, "geometry": { "type": "Point", "coordinates": [ 29.3247222, -23.3683333 ] } },
{ "type": "Feature", "properties": { "settlement_class": "town" }, "geometry": { "type": "Point", "coordinates": [ 27.2158333, -32.8352778 ] } },
{ "type": "Feature", "properties": { "settlement_class": "town" }, "geometry": { "type": "Point", "coordinates": [ 25.9369444, -29.7347222 ] } },
{ "type": "Feature", "properties": { "settlement_class": "town" }, "geometry": { "type": "Point", "coordinates": [ 30.0604292, -23.1597507 ] } },
{ "type": "Feature", "properties": { "settlement_class": "town" }, "geometry": { "type": "Point", "coordinates": [ 27.9961111, -31.675 ] } },
{ "type": "Feature", "properties": { "settlement_class": "town" }, "geometry": { "type": "Point", "coordinates": [ 29.111389, -26.467778 ] } },
{ "type": "Feature", "properties": { "settlement_class": "town" }, "geometry": { "type": "Point", "coordinates": [ 27.0611412, -28.9414391 ] } },
{ "type": "Feature", "properties": { "settlement_class": "town" }, "geometry": { "type": "Point", "coordinates": [ 25.314647, -29.748544 ] } },
{ "type": "Feature", "properties": { "settlement_class": "town" }, "geometry": { "type": "Point", "coordinates": [ 29.4943727, -31.080449 ] } },
{ "type": "Feature", "properties": { "settlement_class": "town" }, "geometry": { "type": "Point", "coordinates": [ 28.210894, -28.622751 ] } },
{ "type": "Feature", "properties": { "settlement_class": "town" }, "geometry": { "type": "Point", "coordinates": [ 24.1718898, -26.5891639 ] } },
{ "type": "Feature", "properties": { "settlement_class": "town" }, "geometry": { "type": "Point", "coordinates": [ 28.0132812, -32.9436088 ] } },
{ "type": "Feature", "properties": { "settlement_class": "town" }, "geometry": { "type": "Point", "coordinates": [ 30.841389, -24.931111 ] } },
{ "type": "Feature", "properties": { "settlement_class": "town" }, "geometry": { "type": "Point", "coordinates": [ 28.7477433, -26.7457979 ] } },
{ "type": "Feature", "properties": { "settlement_class": "town" }, "geometry": { "type": "Point", "coordinates": [ 29.392778, -25.1675 ] } },
{ "type": "Feature", "properties": { "settlement_class": "town" }, "geometry": { "type": "Point", "coordinates": [ 21.9833333, -28.8958333 ] } },
{ "type": "Feature", "properties": { "settlement_class": "town" }, "geometry": { "type": "Point", "coordinates": [ 29.884722, -30.575833 ] } },
{ "type": "Feature", "properties": { "settlement_class": "town" }, "geometry": { "type": "Point", "coordinates": [ 29.716111, -26.158333 ] } },
{ "type": "Feature", "properties": { "settlement_class": "town" }, "geometry": { "type": "Point", "coordinates": [ 25.505278, -28.126667 ] } },
{ "type": "Feature", "properties": { "settlement_class": "town" }, "geometry": { "type": "Point", "coordinates": [ 32.269167, -28.0175 ] } },
{ "type": "Feature", "properties": { "settlement_class": "town" }, "geometry": { "type": "Point", "coordinates": [ 25.912649, -27.834182 ] } },
{ "type": "Feature", "properties": { "settlement_class": "town" }, "geometry": { "type": "Point", "coordinates": [ 31.996667, -27.133611 ] } },
{ "type": "Feature", "properties": { "settlement_class": "town" }, "geometry": { "type": "Point", "coordinates": [ 25.428333, -29.760555 ] } },
{ "type": "Feature", "properties": { "settlement_class": "town" }, "geometry": { "type": "Point", "coordinates": [ 29.8783333, -24.7586111 ] } },
{ "type": "Feature", "properties": { "settlement_class": "town" }, "geometry": { "type": "Point", "coordinates": [ 31.4727778, -25.7236111 ] } },
{ "type": "Feature", "properties": { "settlement_class": "town" }, "geometry": { "type": "Point", "coordinates": [ 32.0663861, -27.4308303 ] } },
{ "type": "Feature", "properties": { "settlement_class": "town" }, "geometry": { "type": "Point", "coordinates": [ 24.341594, -33.018294 ] } },
{ "type": "Feature", "properties": { "settlement_class": "town" }, "geometry": { "type": "Point", "coordinates": [ 25.004161, -29.406384 ] } },
{ "type": "Feature", "properties": { "settlement_class": "town" }, "geometry": { "type": "Point", "coordinates": [ 31.9558333, -25.4327778 ] } },
{ "type": "Feature", "properties": { "settlement_class": "town" }, "geometry": { "type": "Point", "coordinates": [ 29.262778, -26.258889 ] } },
{ "type": "Feature", "properties": { "settlement_class": "town" }, "geometry": { "type": "Point", "coordinates": [ 27.2334527, -31.7026677 ] } },
{ "type": "Feature", "properties": { "settlement_class": "town" }, "geometry": { "type": "Point", "coordinates": [ 29.5411111, -24.3002778 ] } },
{ "type": "Feature", "properties": { "settlement_class": "town" }, "geometry": { "type": "Point", "coordinates": [ 27.733333, -23.683333 ] } },
{ "type": "Feature", "properties": { "settlement_class": "town" }, "geometry": { "type": "Point", "coordinates": [ 31.290278, -27.577222 ] } },
{ "type": "Feature", "properties": { "settlement_class": "town" }, "geometry": { "type": "Point", "coordinates": [ 29.573008, -31.36297 ] } },
{ "type": "Feature", "properties": { "settlement_class": "town" }, "geometry": { "type": "Point", "coordinates": [ 30.458881, -25.099437 ] } },
{ "type": "Feature", "properties": { "settlement_class": "town" }, "geometry": { "type": "Point", "coordinates": [ 30.251381, -25.669716 ] } },
{ "type": "Feature", "properties": { "settlement_class": "town" }, "geometry": { "type": "Point", "coordinates": [ 28.3461799, -31.0661931 ] } },
{ "type": "Feature", "properties": { "settlement_class": "town" }, "geometry": { "type": "Point", "coordinates": [ 25.994972, -27.314202 ] } },
{ "type": "Feature", "properties": { "settlement_class": "town" }, "geometry": { "type": "Point", "coordinates": [ 31.509445, -25.494387 ] } },
{ "type": "Feature", "properties": { "settlement_class": "town" }, "geometry": { "type": "Point", "coordinates": [ 27.4302778, -28.6638889 ] } },
{ "type": "Feature", "properties": { "settlement_class": "town" }, "geometry": { "type": "Point", "coordinates": [ 31.398056, -28.586667 ] } },
{ "type": "Feature", "properties": { "settlement_class": "town" }, "geometry": { "type": "Point", "coordinates": [ 28.0197222, -26.5583333 ] } },
{ "type": "Feature", "properties": { "settlement_class": "town" }, "geometry": { "type": "Point", "coordinates": [ 26.8375, -29.0663889 ] } },
{ "type": "Feature", "properties": { "settlement_class": "town" }, "geometry": { "type": "Point", "coordinates": [ 29.9947222, -29.2077778 ] } },
{ "type": "Feature", "properties": { "settlement_class": "town" }, "geometry": { "type": "Point", "coordinates": [ 29.366944, -30.809167 ] } },
{ "type": "Feature", "properties": { "settlement_class": "town" }, "geometry": { "type": "Point", "coordinates": [ 28.5061184, -30.6912242 ] } },
{ "type": "Feature", "properties": { "settlement_class": "town" }, "geometry": { "type": "Point", "coordinates": [ 28.993333, -30.900278 ] } },
{ "type": "Feature", "properties": { "settlement_class": "town" }, "geometry": { "type": "Point", "coordinates": [ 32.1884598, -28.415707 ] } },
{ "type": "Feature", "properties": { "settlement_class": "town" }, "geometry": { "type": "Point", "coordinates": [ 29.035084, -31.673097 ] } },
{ "type": "Feature", "properties": { "settlement_class": "town" }, "geometry": { "type": "Point", "coordinates": [ 19.112587, -31.375688 ] } },
{ "type": "Feature", "properties": { "settlement_class": "town" }, "geometry": { "type": "Point", "coordinates": [ 31.090556, -28.62 ] } },
{ "type": "Feature", "properties": { "settlement_class": "town" }, "geometry": { "type": "Point", "coordinates": [ 27.2655556, -24.9575 ] } },
{ "type": "Feature", "properties": { "settlement_class": "town" }, "geometry": { "type": "Point", "coordinates": [ 26.8380556, -29.0961111 ] } },
{ "type": "Feature", "properties": { "settlement_class": "town" }, "geometry": { "type": "Point", "coordinates": [ 30.8158333, -27.4230556 ] } },
{ "type": "Feature", "properties": { "settlement_class": "town" }, "geometry": { "type": "Point", "coordinates": [ 19.395833, -29.128333 ] } },
{ "type": "Feature", "properties": { "settlement_class": "town" }, "geometry": { "type": "Point", "coordinates": [ 31.616886, -27.377588 ] } },
{ "type": "Feature", "properties": { "settlement_class": "town" }, "geometry": { "type": "Point", "coordinates": [ 23.068889, -28.326667 ] } },
{ "type": "Feature", "properties": { "settlement_class": "town" }, "geometry": { "type": "Point", "coordinates": [ 27.6667497, -32.9289828 ] } },
{ "type": "Feature", "properties": { "settlement_class": "town" }, "geometry": { "type": "Point", "coordinates": [ 30.273333, -29.873333 ] } },
{ "type": "Feature", "properties": { "settlement_class": "town" }, "geometry": { "type": "Point", "coordinates": [ 30.779444, -25.095556 ] } },
{ "type": "Feature", "properties": { "settlement_class": "town" }, "geometry": { "type": "Point", "coordinates": [ 31.2312409, -29.513585 ] } },
{ "type": "Feature", "properties": { "settlement_class": "town" }, "geometry": { "type": "Point", "coordinates": [ 31.22037, -29.4509637 ] } },
{ "type": "Feature", "properties": { "settlement_class": "town" }, "geometry": { "type": "Point", "coordinates": [ 26.6252778, -25.495 ] } },
{ "type": "Feature", "properties": { "settlement_class": "town" }, "geometry": { "type": "Point", "coordinates": [ 29.056111, -25.113333 ] } },
{ "type": "Feature", "properties": { "settlement_class": "town" }, "geometry": { "type": "Point", "coordinates": [ 25.5876164, -32.7178863 ] } },
{ "type": "Feature", "properties": { "settlement_class": "town" }, "geometry": { "type": "Point", "coordinates": [ 29.2436111, -26.9433333 ] } },
{ "type": "Feature", "properties": { "settlement_class": "town" }, "geometry": { "type": "Point", "coordinates": [ 24.868611, -26.553056 ] } },
{ "type": "Feature", "properties": { "settlement_class": "town" }, "geometry": { "type": "Point", "coordinates": [ 24.344948, -33.329496 ] } },
{ "type": "Feature", "properties": { "settlement_class": "town" }, "geometry": { "type": "Point", "coordinates": [ 28.75526, -31.308522 ] } },
{ "type": "Feature", "properties": { "settlement_class": "town" }, "geometry": { "type": "Point", "coordinates": [ 28.2338889, -31.1975 ] } },
{ "type": "Feature", "properties": { "settlement_class": "town" }, "geometry": { "type": "Point", "coordinates": [ 31.2181265, -29.4773106 ] } },
{ "type": "Feature", "properties": { "settlement_class": "town" }, "geometry": { "type": "Point", "coordinates": [ 29.939722, -30.2625 ] } },
{ "type": "Feature", "properties": { "settlement_class": "town" }, "geometry": { "type": "Point", "coordinates": [ 29.494148, -29.791959 ] } },
{ "type": "Feature", "properties": { "settlement_class": "town" }, "geometry": { "type": "Point", "coordinates": [ 30.1844444, -23.1013889 ] } },
{ "type": "Feature", "properties": { "settlement_class": "town" }, "geometry": { "type": "Point", "coordinates": [ 26.822728, -26.316471 ] } },
{ "type": "Feature", "properties": { "settlement_class": "town" }, "geometry": { "type": "Point", "coordinates": [ 29.8825, -27.3627778 ] } },
{ "type": "Feature", "properties": { "settlement_class": "town" }, "geometry": { "type": "Point", "coordinates": [ 29.1637064, -27.4264699 ] } },
{ "type": "Feature", "properties": { "settlement_class": "town" }, "geometry": { "type": "Point", "coordinates": [ 30.145, -27.353611 ] } },
{ "type": "Feature", "properties": { "settlement_class": "town" }, "geometry": { "type": "Point", "coordinates": [ 28.9647222, -27.855 ] } },
{ "type": "Feature", "properties": { "settlement_class": "town" }, "geometry": { "type": "Point", "coordinates": [ 30.334927, -25.637836 ] } },
{ "type": "Feature", "properties": { "settlement_class": "town" }, "geometry": { "type": "Point", "coordinates": [ 26.8234761, -32.1751539 ] } },
{ "type": "Feature", "properties": { "settlement_class": "town" }, "geometry": { "type": "Point", "coordinates": [ 28.4981174, -32.266099 ] } },
{ "type": "Feature", "properties": { "settlement_class": "town" }, "geometry": { "type": "Point", "coordinates": [ 31.014444, -25.326389 ] } },
{ "type": "Feature", "properties": { "settlement_class": "town" }, "geometry": { "type": "Point", "coordinates": [ 25.979925, -27.200475 ] } },
{ "type": "Feature", "properties": { "settlement_class": "town" }, "geometry": { "type": "Point", "coordinates": [ 27.084588, -30.301194 ] } },
{ "type": "Feature", "properties": { "settlement_class": "town" }, "geometry": { "type": "Point", "coordinates": [ 26.074382, -25.537731 ] } },
{ "type": "Feature", "properties": { "settlement_class": "town" }, "geometry": { "type": "Point", "coordinates": [ 28.096944, -25.655556 ] } },
{ "type": "Feature", "properties": { "settlement_class": "town" }, "geometry": { "type": "Point", "coordinates": [ 21.5875526, -34.2051684 ] } },
{ "type": "Feature", "properties": { "settlement_class": "town" }, "geometry": { "type": "Point", "coordinates": [ 28.1220546, -26.2669894 ] } },
{ "type": "Feature", "properties": { "settlement_class": "town" }, "geometry": { "type": "Point", "coordinates": [ 26.0841667, -33.3155556 ] } },
{ "type": "Feature", "properties": { "settlement_class": "town" }, "geometry": { "type": "Point", "coordinates": [ 26.643469, -27.754755 ] } },
{ "type": "Feature", "properties": { "settlement_class": "town" }, "geometry": { "type": "Point", "coordinates": [ 30.3758333, -24.5725 ] } },
{ "type": "Feature", "properties": { "settlement_class": "town" }, "geometry": { "type": "Point", "coordinates": [ 30.7630556, -24.5947222 ] } },
{ "type": "Feature", "properties": { "settlement_class": "town" }, "geometry": { "type": "Point", "coordinates": [ 26.5041667, -27.4011111 ] } },
{ "type": "Feature", "properties": { "settlement_class": "town" }, "geometry": { "type": "Point", "coordinates": [ 31.2727932, -27.2711968 ] } },
{ "type": "Feature", "properties": { "settlement_class": "town" }, "geometry": { "type": "Point", "coordinates": [ 28.1830556, -23.4891667 ] } },
{ "type": "Feature", "properties": { "settlement_class": "town" }, "geometry": { "type": "Point", "coordinates": [ 27.6722222, -25.7108333 ] } },
{ "type": "Feature", "properties": { "settlement_class": "town" }, "geometry": { "type": "Point", "coordinates": [ 31.0475, -25.782222 ] } },
{ "type": "Feature", "properties": { "settlement_class": "town" }, "geometry": { "type": "Point", "coordinates": [ 24.519864, -28.535577 ] } },
{ "type": "Feature", "properties": { "settlement_class": "town" }, "geometry": { "type": "Point", "coordinates": [ 22.9963746, -28.2922823 ] } },
{ "type": "Feature", "properties": { "settlement_class": "town" }, "geometry": { "type": "Point", "coordinates": [ 19.3197222, -33.3283333 ] } },
{ "type": "Feature", "properties": { "settlement_class": "town" }, "geometry": { "type": "Point", "coordinates": [ 28.3082376, -26.1930356 ] } },
{ "type": "Feature", "properties": { "settlement_class": "town" }, "geometry": { "type": "Point", "coordinates": [ 27.5313889, -25.5538889 ] } },
{ "type": "Feature", "properties": { "settlement_class": "town" }, "geometry": { "type": "Point", "coordinates": [ 27.608611, -25.555278 ] } },
{ "type": "Feature", "properties": { "settlement_class": "town" }, "geometry": { "type": "Point", "coordinates": [ 25.974962, -30.496373 ] } },
{ "type": "Feature", "properties": { "settlement_class": "town" }, "geometry": { "type": "Point", "coordinates": [ 27.9372222, -32.2005556 ] } },
{ "type": "Feature", "properties": { "settlement_class": "town" }, "geometry": { "type": "Point", "coordinates": [ 27.4463889, -32.8494444 ] } },
{ "type": "Feature", "properties": { "settlement_class": "town" }, "geometry": { "type": "Point", "coordinates": [ 18.6975, -34.0 ] } },
{ "type": "Feature", "properties": { "settlement_class": "town" }, "geometry": { "type": "Point", "coordinates": [ 26.6552778, -33.6852778 ] } },
{ "type": "Feature", "properties": { "settlement_class": "town" }, "geometry": { "type": "Point", "coordinates": [ 30.9980556, -24.7269444 ] } },
{ "type": "Feature", "properties": { "settlement_class": "town" }, "geometry": { "type": "Point", "coordinates": [ 19.2583333, -33.5638889 ] } },
{ "type": "Feature", "properties": { "settlement_class": "town" }, "geometry": { "type": "Point", "coordinates": [ 30.2905556, -24.6111111 ] } },
{ "type": "Feature", "properties": { "settlement_class": "town" }, "geometry": { "type": "Point", "coordinates": [ 26.616667, -27.388889 ] } },
{ "type": "Feature", "properties": { "settlement_class": "town" }, "geometry": { "type": "Point", "coordinates": [ 28.37, -26.235278 ] } },
{ "type": "Feature", "properties": { "settlement_class": "town" }, "geometry": { "type": "Point", "coordinates": [ 26.4611673, -28.6966256 ] } },
{ "type": "Feature", "properties": { "settlement_class": "town" }, "geometry": { "type": "Point", "coordinates": [ 20.486111, -30.463333 ] } },
{ "type": "Feature", "properties": { "settlement_class": "town" }, "geometry": { "type": "Point", "coordinates": [ 27.4623151, -29.1663056 ] } },
{ "type": "Feature", "properties": { "settlement_class": "town" }, "geometry": { "type": "Point", "coordinates": [ 23.503982, -30.587496 ] } },
{ "type": "Feature", "properties": { "settlement_class": "town" }, "geometry": { "type": "Point", "coordinates": [ 26.8222222, -27.9986111 ] } },
{ "type": "Feature", "properties": { "settlement_class": "town" }, "geometry": { "type": "Point", "coordinates": [ 20.525, -34.0444444 ] } },
{ "type": "Feature", "properties": { "settlement_class": "town" }, "geometry": { "type": "Point", "coordinates": [ 26.7754921, -29.1681442 ] } },
{ "type": "Feature", "properties": { "settlement_class": "town" }, "geometry": { "type": "Point", "coordinates": [ 26.8049202, -29.1659878 ] } },
{ "type": "Feature", "properties": { "settlement_class": "town" }, "geometry": { "type": "Point", "coordinates": [ 26.8170638, -29.1811565 ] } },
{ "type": "Feature", "properties": { "settlement_class": "town" }, "geometry": { "type": "Point", "coordinates": [ 22.133333, -30.967778 ] } },
{ "type": "Feature", "properties": { "settlement_class": "town" }, "geometry": { "type": "Point", "coordinates": [ 28.180278, -25.836389 ] } },
{ "type": "Feature", "properties": { "settlement_class": "town" }, "geometry": { "type": "Point", "coordinates": [ 27.1227778, -25.4144444 ] } },
{ "type": "Feature", "properties": { "settlement_class": "town" }, "geometry": { "type": "Point", "coordinates": [ 30.8936758, -29.9176727 ] } },
{ "type": "Feature", "properties": { "settlement_class": "town" }, "geometry": { "type": "Point", "coordinates": [ 18.89104, -32.178551 ] } },
{ "type": "Feature", "properties": { "settlement_class": "town" }, "geometry": { "type": "Point", "coordinates": [ 30.904722, -29.792778 ] } },
{ "type": "Feature", "properties": { "settlement_class": "town" }, "geometry": { "type": "Point", "coordinates": [ 26.321297, -26.334426 ] } },
{ "type": "Feature", "properties": { "settlement_class": "town" }, "geometry": { "type": "Point", "coordinates": [ 28.8513889, -27.2361111 ] } },
{ "type": "Feature", "properties": { "settlement_class": "town" }, "geometry": { "type": "Point", "coordinates": [ 28.1997222, -32.3194444 ] } },
{ "type": "Feature", "properties": { "settlement_class": "town" }, "geometry": { "type": "Point", "coordinates": [ 27.8475, -25.624167 ] } },
{ "type": "Feature", "properties": { "settlement_class": "town" }, "geometry": { "type": "Point", "coordinates": [ 19.670833, -33.479444 ] } },
{ "type": "Feature", "properties": { "settlement_class": "town" }, "geometry": { "type": "Point", "coordinates": [ 18.7591667, -32.9408333 ] } },
{ "type": "Feature", "properties": { "settlement_class": "town" }, "geometry": { "type": "Point", "coordinates": [ 22.535273, -33.489592 ] } },
{ "type": "Feature", "properties": { "settlement_class": "town" }, "geometry": { "type": "Point", "coordinates": [ 25.455263, -26.686723 ] } },
{ "type": "Feature", "properties": { "settlement_class": "town" }, "geometry": { "type": "Point", "coordinates": [ 28.096389, -26.89 ] } },
{ "type": "Feature", "properties": { "settlement_class": "town" }, "geometry": { "type": "Point", "coordinates": [ 30.2141667, -24.6194444 ] } },
{ "type": "Feature", "properties": { "settlement_class": "town" }, "geometry": { "type": "Point", "coordinates": [ 30.7561111, -24.6269444 ] } },
{ "type": "Feature", "properties": { "settlement_class": "town" }, "geometry": { "type": "Point", "coordinates": [ 27.2811111, -25.4408333 ] } },
{ "type": "Feature", "properties": { "settlement_class": "town" }, "geometry": { "type": "Point", "coordinates": [ 30.8027778, -24.6580556 ] } },
{ "type": "Feature", "properties": { "settlement_class": "town" }, "geometry": { "type": "Point", "coordinates": [ 27.046462, -31.37337 ] } },
{ "type": "Feature", "properties": { "settlement_class": "town" }, "geometry": { "type": "Point", "coordinates": [ 23.776591, -29.054997 ] } },
{ "type": "Feature", "properties": { "settlement_class": "town" }, "geometry": { "type": "Point", "coordinates": [ 31.035833, -29.780556 ] } },
{ "type": "Feature", "properties": { "settlement_class": "town" }, "geometry": { "type": "Point", "coordinates": [ 18.6494444, -33.8402778 ] } },
{ "type": "Feature", "properties": { "settlement_class": "town" }, "geometry": { "type": "Point", "coordinates": [ 18.227778, -32.695833 ] } },
{ "type": "Feature", "properties": { "settlement_class": "town" }, "geometry": { "type": "Point", "coordinates": [ 22.433333, -33.573611 ] } },
{ "type": "Feature", "properties": { "settlement_class": "town" }, "geometry": { "type": "Point", "coordinates": [ 30.314722, -29.652778 ] } },
{ "type": "Feature", "properties": { "settlement_class": "town" }, "geometry": { "type": "Point", "coordinates": [ 27.6755556, -27.5536111 ] } },
{ "type": "Feature", "properties": { "settlement_class": "town" }, "geometry": { "type": "Point", "coordinates": [ 18.7216667, -34.0 ] } },
{ "type": "Feature", "properties": { "settlement_class": "town" }, "geometry": { "type": "Point", "coordinates": [ 31.1833333, -25.425 ] } },
{ "type": "Feature", "properties": { "settlement_class": "town" }, "geometry": { "type": "Point", "coordinates": [ 31.1825, -25.375 ] } },
{ "type": "Feature", "properties": { "settlement_class": "town" }, "geometry": { "type": "Point", "coordinates": [ 18.345, -32.3108333 ] } },
{ "type": "Feature", "properties": { "settlement_class": "town" }, "geometry": { "type": "Point", "coordinates": [ 27.8102778, -25.6119444 ] } },
{ "type": "Feature", "properties": { "settlement_class": "town" }, "geometry": { "type": "Point", "coordinates": [ 27.849167, -31.333889 ] } },
{ "type": "Feature", "properties": { "settlement_class": "town" }, "geometry": { "type": "Point", "coordinates": [ 18.5863889, -33.9308333 ] } },
{ "type": "Feature", "properties": { "settlement_class": "town" }, "geometry": { "type": "Point", "coordinates": [ 31.1199814, -25.4149706 ] } },
{ "type": "Feature", "properties": { "settlement_class": "town" }, "geometry": { "type": "Point", "coordinates": [ 31.1333333, -25.3083333 ] } },
{ "type": "Feature", "properties": { "settlement_class": "town" }, "geometry": { "type": "Point", "coordinates": [ 31.2333333, -25.275 ] } },
{ "type": "Feature", "properties": { "settlement_class": "town" }, "geometry": { "type": "Point", "coordinates": [ 31.0161657, -25.7646066 ] } },
{ "type": "Feature", "properties": { "settlement_class": "town" }, "geometry": { "type": "Point", "coordinates": [ 30.7213523, -27.9877834 ] } },
{ "type": "Feature", "properties": { "settlement_class": "town" }, "geometry": { "type": "Point", "coordinates": [ 31.897222, -28.746111 ] } },
{ "type": "Feature", "properties": { "settlement_class": "town" }, "geometry": { "type": "Point", "coordinates": [ 27.851389, -26.529722 ] } },
{ "type": "Feature", "properties": { "settlement_class": "town" }, "geometry": { "type": "Point", "coordinates": [ 27.879371, -28.873721 ] } },
{ "type": "Feature", "properties": { "settlement_class": "town" }, "geometry": { "type": "Point", "coordinates": [ 30.8305556, -29.7588889 ] } },
{ "type": "Feature", "properties": { "settlement_class": "town" }, "geometry": { "type": "Point", "coordinates": [ 21.513568, -31.91556 ] } },
{ "type": "Feature", "properties": { "settlement_class": "town" }, "geometry": { "type": "Point", "coordinates": [ 30.9672222, -24.5988889 ] } },
{ "type": "Feature", "properties": { "settlement_class": "town" }, "geometry": { "type": "Point", "coordinates": [ 29.1086111, -23.7194444 ] } },
{ "type": "Feature", "properties": { "settlement_class": "town" }, "geometry": { "type": "Point", "coordinates": [ 29.005, -23.5777778 ] } },
{ "type": "Feature", "properties": { "settlement_class": "town" }, "geometry": { "type": "Point", "coordinates": [ 27.1841667, -25.5136111 ] } },
{ "type": "Feature", "properties": { "settlement_class": "town" }, "geometry": { "type": "Point", "coordinates": [ 30.4625, -24.2558333 ] } },
{ "type": "Feature", "properties": { "settlement_class": "town" }, "geometry": { "type": "Point", "coordinates": [ 29.1502778, -23.6038889 ] } },
{ "type": "Feature", "properties": { "settlement_class": "town" }, "geometry": { "type": "Point", "coordinates": [ 27.3638889, -25.4883333 ] } },
{ "type": "Feature", "properties": { "settlement_class": "town" }, "geometry": { "type": "Point", "coordinates": [ 29.0252778, -23.7166667 ] } },
{ "type": "Feature", "properties": { "settlement_class": "town" }, "geometry": { "type": "Point", "coordinates": [ 29.0147222, -23.5994444 ] } },
{ "type": "Feature", "properties": { "settlement_class": "town" }, "geometry": { "type": "Point", "coordinates": [ 30.7708333, -24.6055556 ] } },
{ "type": "Feature", "properties": { "settlement_class": "town" }, "geometry": { "type": "Point", "coordinates": [ 30.3408333, -24.5552778 ] } },
{ "type": "Feature", "properties": { "settlement_class": "town" }, "geometry": { "type": "Point", "coordinates": [ 29.0405556, -23.6777778 ] } },
{ "type": "Feature", "properties": { "settlement_class": "town" }, "geometry": { "type": "Point", "coordinates": [ 29.1011111, -23.6344444 ] } },
{ "type": "Feature", "properties": { "settlement_class": "town" }, "geometry": { "type": "Point", "coordinates": [ 28.007511, -25.588446 ] } },
{ "type": "Feature", "properties": { "settlement_class": "town" }, "geometry": { "type": "Point", "coordinates": [ 29.0011111, -23.7463889 ] } },
{ "type": "Feature", "properties": { "settlement_class": "town" }, "geometry": { "type": "Point", "coordinates": [ 29.1347222, -23.7233333 ] } },
{ "type": "Feature", "properties": { "settlement_class": "town" }, "geometry": { "type": "Point", "coordinates": [ 19.55837, -34.033443 ] } },
{ "type": "Feature", "properties": { "settlement_class": "town" }, "geometry": { "type": "Point", "coordinates": [ 30.725556, -23.315278 ] } },
{ "type": "Feature", "properties": { "settlement_class": "town" }, "geometry": { "type": "Point", "coordinates": [ 30.2547222, -31.0133333 ] } },
{ "type": "Feature", "properties": { "settlement_class": "town" }, "geometry": { "type": "Point", "coordinates": [ 30.2563889, -31.0083333 ] } },
{ "type": "Feature", "properties": { "settlement_class": "town" }, "geometry": { "type": "Point", "coordinates": [ 19.2583333, -33.6666667 ] } },
{ "type": "Feature", "properties": { "settlement_class": "town" }, "geometry": { "type": "Point", "coordinates": [ 18.604817, -32.152566 ] } },
{ "type": "Feature", "properties": { "settlement_class": "town" }, "geometry": { "type": "Point", "coordinates": [ 19.608166, -34.050751 ] } },
{ "type": "Feature", "properties": { "settlement_class": "town" }, "geometry": { "type": "Point", "coordinates": [ 21.748611, -28.563611 ] } },
{ "type": "Feature", "properties": { "settlement_class": "town" }, "geometry": { "type": "Point", "coordinates": [ 27.2783333, -32.9088889 ] } },
{ "type": "Feature", "properties": { "settlement_class": "town" }, "geometry": { "type": "Point", "coordinates": [ 27.5061111, -25.4375 ] } },
{ "type": "Feature", "properties": { "settlement_class": "town" }, "geometry": { "type": "Point", "coordinates": [ 24.443611, -31.0675 ] } },
{ "type": "Feature", "properties": { "settlement_class": "town" }, "geometry": { "type": "Point", "coordinates": [ 26.87, -28.0805556 ] } },
{ "type": "Feature", "properties": { "settlement_class": "town" }, "geometry": { "type": "Point", "coordinates": [ 27.4861111, -25.4366667 ] } },
{ "type": "Feature", "properties": { "settlement_class": "town" }, "geometry": { "type": "Point", "coordinates": [ 24.81, -27.7516667 ] } },
{ "type": "Feature", "properties": { "settlement_class": "town" }, "geometry": { "type": "Point", "coordinates": [ 28.359167, -26.497222 ] } },
{ "type": "Feature", "properties": { "settlement_class": "town" }, "geometry": { "type": "Point", "coordinates": [ 21.761667, -34.015278 ] } },
{ "type": "Feature", "properties": { "settlement_class": "town" }, "geometry": { "type": "Point", "coordinates": [ 18.9680556, -33.4369444 ] } },
{ "type": "Feature", "properties": { "settlement_class": "town" }, "geometry": { "type": "Point", "coordinates": [ 30.765556, -29.775555 ] } },
{ "type": "Feature", "properties": { "settlement_class": "town" }, "geometry": { "type": "Point", "coordinates": [ 27.1402715, -29.5278679 ] } },
{ "type": "Feature", "properties": { "settlement_class": "town" }, "geometry": { "type": "Point", "coordinates": [ 30.951343, -24.352964 ] } },
{ "type": "Feature", "properties": { "settlement_class": "town" }, "geometry": { "type": "Point", "coordinates": [ 27.8913889, -26.6491667 ] } },
{ "type": "Feature", "properties": { "settlement_class": "town" }, "geometry": { "type": "Point", "coordinates": [ 24.0830094, -29.623959 ] } },
{ "type": "Feature", "properties": { "settlement_class": "town" }, "geometry": { "type": "Point", "coordinates": [ 18.355645, -34.043093 ] } },
{ "type": "Feature", "properties": { "settlement_class": "town" }, "geometry": { "type": "Point", "coordinates": [ 30.2242434, -29.4836175 ] } },
{ "type": "Feature", "properties": { "settlement_class": "town" }, "geometry": { "type": "Point", "coordinates": [ 25.5465361, -33.8493871 ] } },
{ "type": "Feature", "properties": { "settlement_class": "town" }, "geometry": { "type": "Point", "coordinates": [ 27.8983333, -25.7438889 ] } },
{ "type": "Feature", "properties": { "settlement_class": "town" }, "geometry": { "type": "Point", "coordinates": [ 30.95, -29.715 ] } },
{ "type": "Feature", "properties": { "settlement_class": "town" }, "geometry": { "type": "Point", "coordinates": [ 27.338611, -31.467778 ] } },
{ "type": "Feature", "properties": { "settlement_class": "town" }, "geometry": { "type": "Point", "coordinates": [ 24.774192, -29.129203 ] } },
{ "type": "Feature", "properties": { "settlement_class": "town" }, "geometry": { "type": "Point", "coordinates": [ 26.8064896, -31.1251195 ] } },
{ "type": "Feature", "properties": { "settlement_class": "town" }, "geometry": { "type": "Point", "coordinates": [ 24.670833, -32.943333 ] } },
{ "type": "Feature", "properties": { "settlement_class": "town" }, "geometry": { "type": "Point", "coordinates": [ 27.8077778, -25.3402778 ] } },
{ "type": "Feature", "properties": { "settlement_class": "town" }, "geometry": { "type": "Point", "coordinates": [ 31.1138889, -25.1972222 ] } },
{ "type": "Feature", "properties": { "settlement_class": "town" }, "geometry": { "type": "Point", "coordinates": [ 21.3417903, -34.4248189 ] } },
{ "type": "Feature", "properties": { "settlement_class": "town" }, "geometry": { "type": "Point", "coordinates": [ 23.857778, -33.825 ] } },
{ "type": "Feature", "properties": { "settlement_class": "town" }, "geometry": { "type": "Point", "coordinates": [ 29.03, -23.6255556 ] } },
{ "type": "Feature", "properties": { "settlement_class": "town" }, "geometry": { "type": "Point", "coordinates": [ 27.0786111, -25.3544444 ] } },
{ "type": "Feature", "properties": { "settlement_class": "town" }, "geometry": { "type": "Point", "coordinates": [ 31.8666667, -25.675 ] } },
{ "type": "Feature", "properties": { "settlement_class": "town" }, "geometry": { "type": "Point", "coordinates": [ 31.1805556, -25.3333333 ] } },
{ "type": "Feature", "properties": { "settlement_class": "town" }, "geometry": { "type": "Point", "coordinates": [ 30.8102778, -24.6636111 ] } },
{ "type": "Feature", "properties": { "settlement_class": "town" }, "geometry": { "type": "Point", "coordinates": [ 31.1784475, -25.4720487 ] } },
{ "type": "Feature", "properties": { "settlement_class": "town" }, "geometry": { "type": "Point", "coordinates": [ 23.05, -27.695833 ] } },
{ "type": "Feature", "properties": { "settlement_class": "town" }, "geometry": { "type": "Point", "coordinates": [ 28.2336325, -26.0964372 ] } },
{ "type": "Feature", "properties": { "settlement_class": "town" }, "geometry": { "type": "Point", "coordinates": [ 21.155953, -29.349254 ] } },
{ "type": "Feature", "properties": { "settlement_class": "town" }, "geometry": { "type": "Point", "coordinates": [ 26.6745343, -33.6817381 ] } },
{ "type": "Feature", "properties": { "settlement_class": "town" }, "geometry": { "type": "Point", "coordinates": [ 23.457222, -34.001944 ] } },
{ "type": "Feature", "properties": { "settlement_class": "town" }, "geometry": { "type": "Point", "coordinates": [ 26.6523257, -27.3760478 ] } },
{ "type": "Feature", "properties": { "settlement_class": "town" }, "geometry": { "type": "Point", "coordinates": [ 18.6674201, -34.0405905 ] } },
{ "type": "Feature", "properties": { "settlement_class": "town" }, "geometry": { "type": "Point", "coordinates": [ 30.7613889, -24.6166667 ] } },
{ "type": "Feature", "properties": { "settlement_class": "town" }, "geometry": { "type": "Point", "coordinates": [ 26.8297222, -28.1291667 ] } },
{ "type": "Feature", "properties": { "settlement_class": "town" }, "geometry": { "type": "Point", "coordinates": [ 18.625556, -31.775 ] } },
{ "type": "Feature", "properties": { "settlement_class": "town" }, "geometry": { "type": "Point", "coordinates": [ 24.8830556, -33.3302778 ] } },
{ "type": "Feature", "properties": { "settlement_class": "town" }, "geometry": { "type": "Point", "coordinates": [ 27.9975, -25.4877778 ] } },
{ "type": "Feature", "properties": { "settlement_class": "town" }, "geometry": { "type": "Point", "coordinates": [ 30.825278, -29.785833 ] } },
{ "type": "Feature", "properties": { "settlement_class": "town" }, "geometry": { "type": "Point", "coordinates": [ 27.8933167, -32.5793936 ] } },
{ "type": "Feature", "properties": { "settlement_class": "town" }, "geometry": { "type": "Point", "coordinates": [ 27.8508501, -25.739379 ] } },
{ "type": "Feature", "properties": { "settlement_class": "town" }, "geometry": { "type": "Point", "coordinates": [ 26.897222, -25.859444 ] } },
{ "type": "Feature", "properties": { "settlement_class": "town" }, "geometry": { "type": "Point", "coordinates": [ 18.7161111, -33.8477778 ] } },
{ "type": "Feature", "properties": { "settlement_class": "town" }, "geometry": { "type": "Point", "coordinates": [ 18.6855556, -33.9269444 ] } },
{ "type": "Feature", "properties": { "settlement_class": "town" }, "geometry": { "type": "Point", "coordinates": [ 23.4958333, -30.95 ] } },
{ "type": "Feature", "properties": { "settlement_class": "town" }, "geometry": { "type": "Point", "coordinates": [ 26.7647222, -27.8605556 ] } },
{ "type": "Feature", "properties": { "settlement_class": "town" }, "geometry": { "type": "Point", "coordinates": [ 27.4577778, -24.5375 ] } },
{ "type": "Feature", "properties": { "settlement_class": "town" }, "geometry": { "type": "Point", "coordinates": [ 30.8611111, -30.0308333 ] } },
{ "type": "Feature", "properties": { "settlement_class": "town" }, "geometry": { "type": "Point", "coordinates": [ 30.962222, -29.741389 ] } },
{ "type": "Feature", "properties": { "settlement_class": "town" }, "geometry": { "type": "Point", "coordinates": [ 18.307266, -32.093411 ] } },
{ "type": "Feature", "properties": { "settlement_class": "town" }, "geometry": { "type": "Point", "coordinates": [ 27.9302778, -25.0477778 ] } },
{ "type": "Feature", "properties": { "settlement_class": "town" }, "geometry": { "type": "Point", "coordinates": [ 27.055, -25.3625 ] } },
{ "type": "Feature", "properties": { "settlement_class": "town" }, "geometry": { "type": "Point", "coordinates": [ 26.226111, -27.2325 ] } },
{ "type": "Feature", "properties": { "settlement_class": "town" }, "geometry": { "type": "Point", "coordinates": [ 30.2416667, -31.0247222 ] } },
{ "type": "Feature", "properties": { "settlement_class": "town" }, "geometry": { "type": "Point", "coordinates": [ 30.2461111, -31.0186111 ] } },
{ "type": "Feature", "properties": { "settlement_class": "town" }, "geometry": { "type": "Point", "coordinates": [ 26.0908333, -25.3852778 ] } },
{ "type": "Feature", "properties": { "settlement_class": "town" }, "geometry": { "type": "Point", "coordinates": [ 27.0663889, -25.3783333 ] } },
{ "type": "Feature", "properties": { "settlement_class": "town" }, "geometry": { "type": "Point", "coordinates": [ 27.8246367, -26.3194831 ] } },
{ "type": "Feature", "properties": { "settlement_class": "town" }, "geometry": { "type": "Point", "coordinates": [ 29.0269444, -23.525 ] } },
{ "type": "Feature", "properties": { "settlement_class": "town" }, "geometry": { "type": "Point", "coordinates": [ 27.3233784, -25.4881538 ] } },
{ "type": "Feature", "properties": { "settlement_class": "town" }, "geometry": { "type": "Point", "coordinates": [ 27.0411111, -25.3544444 ] } },
{ "type": "Feature", "properties": { "settlement_class": "town" }, "geometry": { "type": "Point", "coordinates": [ 27.8380556, -25.4844444 ] } },
{ "type": "Feature", "properties": { "settlement_class": "town" }, "geometry": { "type": "Point", "coordinates": [ 26.159257, -26.149862 ] } },
{ "type": "Feature", "properties": { "settlement_class": "town" }, "geometry": { "type": "Point", "coordinates": [ 27.9186111, -27.8813889 ] } },
{ "type": "Feature", "properties": { "settlement_class": "town" }, "geometry": { "type": "Point", "coordinates": [ 19.443611, -30.955278 ] } },
{ "type": "Feature", "properties": { "settlement_class": "town" }, "geometry": { "type": "Point", "coordinates": [ 24.9447222, -27.6277778 ] } },
{ "type": "Feature", "properties": { "settlement_class": "town" }, "geometry": { "type": "Point", "coordinates": [ 29.1603432, -23.6141027 ] } },
{ "type": "Feature", "properties": { "settlement_class": "town" }, "geometry": { "type": "Point", "coordinates": [ 22.3497222, -31.4772222 ] } },
{ "type": "Feature", "properties": { "settlement_class": "town" }, "geometry": { "type": "Point", "coordinates": [ 24.786848, -29.750041 ] } },
{ "type": "Feature", "properties": { "settlement_class": "town" }, "geometry": { "type": "Point", "coordinates": [ 30.2883333, -24.5355556 ] } },
{ "type": "Feature", "properties": { "settlement_class": "town" }, "geometry": { "type": "Point", "coordinates": [ 30.4288889, -24.2627778 ] } },
{ "type": "Feature", "properties": { "settlement_class": "town" }, "geometry": { "type": "Point", "coordinates": [ 27.9383333, -25.4466667 ] } },
{ "type": "Feature", "properties": { "settlement_class": "town" }, "geometry": { "type": "Point", "coordinates": [ 26.531389, -25.355278 ] } },
{ "type": "Feature", "properties": { "settlement_class": "town" }, "geometry": { "type": "Point", "coordinates": [ 24.8175, -27.6530556 ] } },
{ "type": "Feature", "properties": { "settlement_class": "town" }, "geometry": { "type": "Point", "coordinates": [ 30.3191667, -24.5805556 ] } },
{ "type": "Feature", "properties": { "settlement_class": "town" }, "geometry": { "type": "Point", "coordinates": [ 30.7758333, -24.6061111 ] } },
{ "type": "Feature", "properties": { "settlement_class": "town" }, "geometry": { "type": "Point", "coordinates": [ 27.9727757, -25.4766859 ] } },
{ "type": "Feature", "properties": { "settlement_class": "town" }, "geometry": { "type": "Point", "coordinates": [ 30.46, -24.29 ] } },
{ "type": "Feature", "properties": { "settlement_class": "town" }, "geometry": { "type": "Point", "coordinates": [ 24.9533333, -27.5286111 ] } },
{ "type": "Feature", "properties": { "settlement_class": "town" }, "geometry": { "type": "Point", "coordinates": [ 27.6191667, -25.6252778 ] } },
{ "type": "Feature", "properties": { "settlement_class": "town" }, "geometry": { "type": "Point", "coordinates": [ 30.7986111, -24.6616667 ] } },
{ "type": "Feature", "properties": { "settlement_class": "town" }, "geometry": { "type": "Point", "coordinates": [ 24.7986111, -27.5561111 ] } },
{ "type": "Feature", "properties": { "settlement_class": "town" }, "geometry": { "type": "Point", "coordinates": [ 27.9522222, -25.6066667 ] } },
{ "type": "Feature", "properties": { "settlement_class": "town" }, "geometry": { "type": "Point", "coordinates": [ 30.368611, -30.864167 ] } },
{ "type": "Feature", "properties": { "settlement_class": "town" }, "geometry": { "type": "Point", "coordinates": [ 27.491537, -25.687936 ] } },
{ "type": "Feature", "properties": { "settlement_class": "town" }, "geometry": { "type": "Point", "coordinates": [ 28.2672222, -32.7566667 ] } },
{ "type": "Feature", "properties": { "settlement_class": "town" }, "geometry": { "type": "Point", "coordinates": [ 30.7519444, -24.6347222 ] } },
{ "type": "Feature", "properties": { "settlement_class": "town" }, "geometry": { "type": "Point", "coordinates": [ 28.811944, -30.341667 ] } },
{ "type": "Feature", "properties": { "settlement_class": "town" }, "geometry": { "type": "Point", "coordinates": [ 20.580278, -33.231944 ] } },
{ "type": "Feature", "properties": { "settlement_class": "town" }, "geometry": { "type": "Point", "coordinates": [ 29.0836111, -23.74 ] } },
{ "type": "Feature", "properties": { "settlement_class": "town" }, "geometry": { "type": "Point", "coordinates": [ 24.7538889, -27.5805556 ] } },
{ "type": "Feature", "properties": { "settlement_class": "town" }, "geometry": { "type": "Point", "coordinates": [ 31.33369, -25.5 ] } },
{ "type": "Feature", "properties": { "settlement_class": "town" }, "geometry": { "type": "Point", "coordinates": [ 27.8511111, -25.4333333 ] } },
{ "type": "Feature", "properties": { "settlement_class": "town" }, "geometry": { "type": "Point", "coordinates": [ 19.827473, -33.948787 ] } },
{ "type": "Feature", "properties": { "settlement_class": "town" }, "geometry": { "type": "Point", "coordinates": [ 27.7426103, -32.9322997 ] } },
{ "type": "Feature", "properties": { "settlement_class": "town" }, "geometry": { "type": "Point", "coordinates": [ 31.6805556, -25.5916667 ] } },
{ "type": "Feature", "properties": { "settlement_class": "town" }, "geometry": { "type": "Point", "coordinates": [ 27.8969444, -25.7566667 ] } },
{ "type": "Feature", "properties": { "settlement_class": "town" }, "geometry": { "type": "Point", "coordinates": [ 18.445833, -33.722222 ] } },
{ "type": "Feature", "properties": { "settlement_class": "town" }, "geometry": { "type": "Point", "coordinates": [ 21.4372222, -34.3255556 ] } },
{ "type": "Feature", "properties": { "settlement_class": "town" }, "geometry": { "type": "Point", "coordinates": [ 27.8899767, -25.7335331 ] } },
{ "type": "Feature", "properties": { "settlement_class": "town" }, "geometry": { "type": "Point", "coordinates": [ 26.8948509, -28.1405862 ] } },
{ "type": "Feature", "properties": { "settlement_class": "town" }, "geometry": { "type": "Point", "coordinates": [ 26.8427778, -28.1188889 ] } },
{ "type": "Feature", "properties": { "settlement_class": "town" }, "geometry": { "type": "Point", "coordinates": [ 21.513347, -32.668137 ] } },
{ "type": "Feature", "properties": { "settlement_class": "town" }, "geometry": { "type": "Point", "coordinates": [ 26.6022222, -27.3838889 ] } },
{ "type": "Feature", "properties": { "settlement_class": "town" }, "geometry": { "type": "Point", "coordinates": [ 24.8016667, -27.5363889 ] } },
{ "type": "Feature", "properties": { "settlement_class": "town" }, "geometry": { "type": "Point", "coordinates": [ 28.125912, -25.999262 ] } },
{ "type": "Feature", "properties": { "settlement_class": "town" }, "geometry": { "type": "Point", "coordinates": [ 18.618056, -34.050556 ] } },
{ "type": "Feature", "properties": { "settlement_class": "town" }, "geometry": { "type": "Point", "coordinates": [ 27.0961111, -24.9444444 ] } },
{ "type": "Feature", "properties": { "settlement_class": "town" }, "geometry": { "type": "Point", "coordinates": [ 27.65, -25.725 ] } },
{ "type": "Feature", "properties": { "settlement_class": "town" }, "geometry": { "type": "Point", "coordinates": [ 27.5330556, -25.5241667 ] } },
{ "type": "Feature", "properties": { "settlement_class": "town" }, "geometry": { "type": "Point", "coordinates": [ 27.215833, -25.276111 ] } },
{ "type": "Feature", "properties": { "settlement_class": "town" }, "geometry": { "type": "Point", "coordinates": [ 27.9288889, -25.3813889 ] } },
{ "type": "Feature", "properties": { "settlement_class": "town" }, "geometry": { "type": "Point", "coordinates": [ 30.9933333, -24.6033333 ] } },
{ "type": "Feature", "properties": { "settlement_class": "town" }, "geometry": { "type": "Point", "coordinates": [ 26.8377778, -29.1933333 ] } },
{ "type": "Feature", "properties": { "settlement_class": "town" }, "geometry": { "type": "Point", "coordinates": [ 24.9986111, -27.6558333 ] } },
{ "type": "Feature", "properties": { "settlement_class": "town" }, "geometry": { "type": "Point", "coordinates": [ 30.9808333, -24.6116667 ] } },
{ "type": "Feature", "properties": { "settlement_class": "town" }, "geometry": { "type": "Point", "coordinates": [ 26.362778, -31.396667 ] } },
{ "type": "Feature", "properties": { "settlement_class": "town" }, "geometry": { "type": "Point", "coordinates": [ 27.2722061, -25.3528263 ] } },
{ "type": "Feature", "properties": { "settlement_class": "town" }, "geometry": { "type": "Point", "coordinates": [ 26.3744389, -27.828262 ] } },
{ "type": "Feature", "properties": { "settlement_class": "town" }, "geometry": { "type": "Point", "coordinates": [ 29.2486111, -23.6241667 ] } },
{ "type": "Feature", "properties": { "settlement_class": "town" }, "geometry": { "type": "Point", "coordinates": [ 27.556389, -25.746944 ] } },
{ "type": "Feature", "properties": { "settlement_class": "town" }, "geometry": { "type": "Point", "coordinates": [ 27.964167, -25.145556 ] } },
{ "type": "Feature", "properties": { "settlement_class": "town" }, "geometry": { "type": "Point", "coordinates": [ 26.8351542, -29.2244857 ] } },
{ "type": "Feature", "properties": { "settlement_class": "town" }, "geometry": { "type": "Point", "coordinates": [ 24.9377778, -27.5794444 ] } },
{ "type": "Feature", "properties": { "settlement_class": "town" }, "geometry": { "type": "Point", "coordinates": [ 30.9933333, -24.7436111 ] } },
{ "type": "Feature", "properties": { "settlement_class": "town" }, "geometry": { "type": "Point", "coordinates": [ 30.9683333, -24.7533333 ] } },
{ "type": "Feature", "properties": { "settlement_class": "town" }, "geometry": { "type": "Point", "coordinates": [ 23.4916667, -27.4019444 ] } },
{ "type": "Feature", "properties": { "settlement_class": "town" }, "geometry": { "type": "Point", "coordinates": [ 27.8975, -25.6033333 ] } },
{ "type": "Feature", "properties": { "settlement_class": "town" }, "geometry": { "type": "Point", "coordinates": [ 30.9794444, -24.7033333 ] } },
{ "type": "Feature", "properties": { "settlement_class": "town" }, "geometry": { "type": "Point", "coordinates": [ 26.8666667, -29.1994444 ] } },
{ "type": "Feature", "properties": { "settlement_class": "town" }, "geometry": { "type": "Point", "coordinates": [ 27.975, -25.2152778 ] } },
{ "type": "Feature", "properties": { "settlement_class": "town" }, "geometry": { "type": "Point", "coordinates": [ 30.630278, -29.813333 ] } },
{ "type": "Feature", "properties": { "settlement_class": "town" }, "geometry": { "type": "Point", "coordinates": [ 28.1758333, -32.3211111 ] } },
{ "type": "Feature", "properties": { "settlement_class": "town" }, "geometry": { "type": "Point", "coordinates": [ 19.898056, -34.474722 ] } },
{ "type": "Feature", "properties": { "settlement_class": "town" }, "geometry": { "type": "Point", "coordinates": [ 19.3455556, -33.3555556 ] } },
{ "type": "Feature", "properties": { "settlement_class": "town" }, "geometry": { "type": "Point", "coordinates": [ 29.998056, -27.838611 ] } },
{ "type": "Feature", "properties": { "settlement_class": "town" }, "geometry": { "type": "Point", "coordinates": [ 27.6541667, -27.5508333 ] } },
{ "type": "Feature", "properties": { "settlement_class": "town" }, "geometry": { "type": "Point", "coordinates": [ 30.7988889, -24.6752778 ] } },
{ "type": "Feature", "properties": { "settlement_class": "town" }, "geometry": { "type": "Point", "coordinates": [ 22.838333, -29.329167 ] } },
{ "type": "Feature", "properties": { "settlement_class": "town" }, "geometry": { "type": "Point", "coordinates": [ 24.5537011, -31.865069 ] } },
{ "type": "Feature", "properties": { "settlement_class": "town" }, "geometry": { "type": "Point", "coordinates": [ 28.470431, -26.425961 ] } },
{ "type": "Feature", "properties": { "settlement_class": "town" }, "geometry": { "type": "Point", "coordinates": [ 27.2994444, -32.8583333 ] } },
{ "type": "Feature", "properties": { "settlement_class": "town" }, "geometry": { "type": "Point", "coordinates": [ 25.7124845, -33.5220919 ] } },
{ "type": "Feature", "properties": { "settlement_class": "town" }, "geometry": { "type": "Point", "coordinates": [ 28.408889, -24.701111 ] } },
{ "type": "Feature", "properties": { "settlement_class": "town" }, "geometry": { "type": "Point", "coordinates": [ 29.0752778, -23.6294444 ] } },
{ "type": "Feature", "properties": { "settlement_class": "town" }, "geometry": { "type": "Point", "coordinates": [ 19.3108333, -33.0197222 ] } },
{ "type": "Feature", "properties": { "settlement_class": "town" }, "geometry": { "type": "Point", "coordinates": [ 24.4118567, -29.8178034 ] } },
{ "type": "Feature", "properties": { "settlement_class": "town" }, "geometry": { "type": "Point", "coordinates": [ 18.3394444, -33.0686111 ] } },
{ "type": "Feature", "properties": { "settlement_class": "town" }, "geometry": { "type": "Point", "coordinates": [ 18.5869444, -33.9025 ] } },
{ "type": "Feature", "properties": { "settlement_class": "town" }, "geometry": { "type": "Point", "coordinates": [ 17.891695, -32.809038 ] } },
{ "type": "Feature", "properties": { "settlement_class": "town" }, "geometry": { "type": "Point", "coordinates": [ 25.9727778, -33.4397222 ] } },
{ "type": "Feature", "properties": { "settlement_class": "town" }, "geometry": { "type": "Point", "coordinates": [ 25.137778, -32.581667 ] } },
{ "type": "Feature", "properties": { "settlement_class": "town" }, "geometry": { "type": "Point", "coordinates": [ 30.2852778, -24.3855556 ] } },
{ "type": "Feature", "properties": { "settlement_class": "town" }, "geometry": { "type": "Point", "coordinates": [ 28.130833, -27.648333 ] } },
{ "type": "Feature", "properties": { "settlement_class": "town" }, "geometry": { "type": "Point", "coordinates": [ 28.4436111, -27.8036111 ] } },
{ "type": "Feature", "properties": { "settlement_class": "town" }, "geometry": { "type": "Point", "coordinates": [ 27.4535028, -32.9332672 ] } },
{ "type": "Feature", "properties": { "settlement_class": "town" }, "geometry": { "type": "Point", "coordinates": [ 26.6548582, -27.7766995 ] } },
{ "type": "Feature", "properties": { "settlement_class": "town" }, "geometry": { "type": "Point", "coordinates": [ 27.0113889, -25.395 ] } },
{ "type": "Feature", "properties": { "settlement_class": "town" }, "geometry": { "type": "Point", "coordinates": [ 25.2739026, -30.2652355 ] } },
{ "type": "Feature", "properties": { "settlement_class": "town" }, "geometry": { "type": "Point", "coordinates": [ 24.4719444, -30.4369444 ] } },
{ "type": "Feature", "properties": { "settlement_class": "town" }, "geometry": { "type": "Point", "coordinates": [ 31.00722, -29.701556 ] } },
{ "type": "Feature", "properties": { "settlement_class": "town" }, "geometry": { "type": "Point", "coordinates": [ 27.156484, -25.575404 ] } },
{ "type": "Feature", "properties": { "settlement_class": "town" }, "geometry": { "type": "Point", "coordinates": [ 24.9858333, -27.6375 ] } },
{ "type": "Feature", "properties": { "settlement_class": "town" }, "geometry": { "type": "Point", "coordinates": [ 18.7575, -32.904167 ] } },
{ "type": "Feature", "properties": { "settlement_class": "town" }, "geometry": { "type": "Point", "coordinates": [ 30.8581865, -29.8142716 ] } },
{ "type": "Feature", "properties": { "settlement_class": "town" }, "geometry": { "type": "Point", "coordinates": [ 30.222749, -31.055931 ] } },
{ "type": "Feature", "properties": { "settlement_class": "town" }, "geometry": { "type": "Point", "coordinates": [ 30.450556, -30.742778 ] } },
{ "type": "Feature", "properties": { "settlement_class": "town" }, "geometry": { "type": "Point", "coordinates": [ 18.995731, -33.014117 ] } },
{ "type": "Feature", "properties": { "settlement_class": "town" }, "geometry": { "type": "Point", "coordinates": [ 30.2613889, -31.0022222 ] } },
{ "type": "Feature", "properties": { "settlement_class": "city" }, "geometry": { "type": "Point", "coordinates": [ 27.095833, -26.707778 ] } },
{ "type": "Feature", "properties": { "settlement_class": "town" }, "geometry": { "type": "Point", "coordinates": [ 30.914722, -29.863889 ] } },
{ "type": "Feature", "properties": { "settlement_class": "town" }, "geometry": { "type": "Point", "coordinates": [ 29.2341667, -23.7475 ] } },
{ "type": "Feature", "properties": { "settlement_class": "town" }, "geometry": { "type": "Point", "coordinates": [ 29.0483333, -23.7158333 ] } },
{ "type": "Feature", "properties": { "settlement_class": "city" }, "geometry": { "type": "Point", "coordinates": [ 28.002109, -26.0913588 ] } },
{ "type": "Feature", "properties": { "settlement_class": "town" }, "geometry": { "type": "Point", "coordinates": [ 27.694167, -26.173611 ] } },
{ "type": "Feature", "properties": { "settlement_class": "town" }, "geometry": { "type": "Point", "coordinates": [ 27.1130556, -25.4627778 ] } },
{ "type": "Feature", "properties": { "settlement_class": "town" }, "geometry": { "type": "Point", "coordinates": [ 26.8297222, -29.2369444 ] } },
{ "type": "Feature", "properties": { "settlement_class": "town" }, "geometry": { "type": "Point", "coordinates": [ 26.8288885, -29.2154217 ] } },
{ "type": "Feature", "properties": { "settlement_class": "town" }, "geometry": { "type": "Point", "coordinates": [ 19.315175, -33.684708 ] } },
{ "type": "Feature", "properties": { "settlement_class": "town" }, "geometry": { "type": "Point", "coordinates": [ 18.538056, -32.478889 ] } },
{ "type": "Feature", "properties": { "settlement_class": "town" }, "geometry": { "type": "Point", "coordinates": [ 28.4275, -27.800556 ] } },
{ "type": "Feature", "properties": { "settlement_class": "town" }, "geometry": { "type": "Point", "coordinates": [ 24.1919444, -27.5608333 ] } },
{ "type": "Feature", "properties": { "settlement_class": "town" }, "geometry": { "type": "Point", "coordinates": [ 26.809167, -27.927222 ] } },
{ "type": "Feature", "properties": { "settlement_class": "town" }, "geometry": { "type": "Point", "coordinates": [ 27.8233333, -25.3913889 ] } },
{ "type": "Feature", "properties": { "settlement_class": "town" }, "geometry": { "type": "Point", "coordinates": [ 21.261473, -34.094907 ] } },
{ "type": "Feature", "properties": { "settlement_class": "town" }, "geometry": { "type": "Point", "coordinates": [ 28.0397487, -26.1429479 ] } },
{ "type": "Feature", "properties": { "settlement_class": "town" }, "geometry": { "type": "Point", "coordinates": [ 26.8663889, -28.0625 ] } },
{ "type": "Feature", "properties": { "settlement_class": "town" }, "geometry": { "type": "Point", "coordinates": [ 31.1416667, -25.1333333 ] } },
{ "type": "Feature", "properties": { "settlement_class": "town" }, "geometry": { "type": "Point", "coordinates": [ 27.265833, -25.184167 ] } },
{ "type": "Feature", "properties": { "settlement_class": "town" }, "geometry": { "type": "Point", "coordinates": [ 25.810793, -26.531212 ] } },
{ "type": "Feature", "properties": { "settlement_class": "town" }, "geometry": { "type": "Point", "coordinates": [ 27.821389, -26.810278 ] } },
{ "type": "Feature", "properties": { "settlement_class": "town" }, "geometry": { "type": "Point", "coordinates": [ 27.8733333, -25.7294444 ] } },
{ "type": "Feature", "properties": { "settlement_class": "town" }, "geometry": { "type": "Point", "coordinates": [ 25.332025, -27.193361 ] } },
{ "type": "Feature", "properties": { "settlement_class": "town" }, "geometry": { "type": "Point", "coordinates": [ 30.754365, -30.286041 ] } },
{ "type": "Feature", "properties": { "settlement_class": "town" }, "geometry": { "type": "Point", "coordinates": [ 27.8625, -26.560278 ] } },
{ "type": "Feature", "properties": { "settlement_class": "town" }, "geometry": { "type": "Point", "coordinates": [ 22.802768, -34.015606 ] } },
{ "type": "Feature", "properties": { "settlement_class": "town" }, "geometry": { "type": "Point", "coordinates": [ 27.6105556, -25.6611111 ] } },
{ "type": "Feature", "properties": { "settlement_class": "town" }, "geometry": { "type": "Point", "coordinates": [ 28.9727778, -24.1694444 ] } },
{ "type": "Feature", "properties": { "settlement_class": "town" }, "geometry": { "type": "Point", "coordinates": [ 26.8183798, -29.199044 ] } },
{ "type": "Feature", "properties": { "settlement_class": "town" }, "geometry": { "type": "Point", "coordinates": [ 27.0654746, -25.3703814 ] } },
{ "type": "Feature", "properties": { "settlement_class": "town" }, "geometry": { "type": "Point", "coordinates": [ 29.0436111, -23.7480556 ] } },
{ "type": "Feature", "properties": { "settlement_class": "town" }, "geometry": { "type": "Point", "coordinates": [ 30.7663434, -25.1075241 ] } },
{ "type": "Feature", "properties": { "settlement_class": "town" }, "geometry": { "type": "Point", "coordinates": [ 28.1622222, -32.3166667 ] } },
{ "type": "Feature", "properties": { "settlement_class": "town" }, "geometry": { "type": "Point", "coordinates": [ 25.703333, -30.2625 ] } },
{ "type": "Feature", "properties": { "settlement_class": "town" }, "geometry": { "type": "Point", "coordinates": [ 28.4373147, -26.2550033 ] } },
{ "type": "Feature", "properties": { "settlement_class": "town" }, "geometry": { "type": "Point", "coordinates": [ 31.2881205, -29.3383782 ] } },
{ "type": "Feature", "properties": { "settlement_class": "town" }, "geometry": { "type": "Point", "coordinates": [ 26.553333, -31.557222 ] } },
{ "type": "Feature", "properties": { "settlement_class": "town" }, "geometry": { "type": "Point", "coordinates": [ 27.563056, -27.951389 ] } },
{ "type": "Feature", "properties": { "settlement_class": "town" }, "geometry": { "type": "Point", "coordinates": [ 23.675855, -29.944282 ] } },
{ "type": "Feature", "properties": { "settlement_class": "town" }, "geometry": { "type": "Point", "coordinates": [ 26.687262, -25.651295 ] } },
{ "type": "Feature", "properties": { "settlement_class": "town" }, "geometry": { "type": "Point", "coordinates": [ 29.0666667, -23.7111111 ] } },
{ "type": "Feature", "properties": { "settlement_class": "town" }, "geometry": { "type": "Point", "coordinates": [ 28.2014478, -26.0221753 ] } },
{ "type": "Feature", "properties": { "settlement_class": "town" }, "geometry": { "type": "Point", "coordinates": [ 27.411834, -24.588765 ] } },
{ "type": "Feature", "properties": { "settlement_class": "town" }, "geometry": { "type": "Point", "coordinates": [ 24.6720013, -30.0791935 ] } },
{ "type": "Feature", "properties": { "settlement_class": "town" }, "geometry": { "type": "Point", "coordinates": [ 26.710556, -28.400556 ] } },
{ "type": "Feature", "properties": { "settlement_class": "town" }, "geometry": { "type": "Point", "coordinates": [ 29.0133333, -23.6411111 ] } },
{ "type": "Feature", "properties": { "settlement_class": "town" }, "geometry": { "type": "Point", "coordinates": [ 17.9830556, -32.9094444 ] } },
{ "type": "Feature", "properties": { "settlement_class": "town" }, "geometry": { "type": "Point", "coordinates": [ 27.3494198, -25.4729455 ] } },
{ "type": "Feature", "properties": { "settlement_class": "town" }, "geometry": { "type": "Point", "coordinates": [ 27.9113889, -25.1152778 ] } },
{ "type": "Feature", "properties": { "settlement_class": "town" }, "geometry": { "type": "Point", "coordinates": [ 27.3313889, -32.8661111 ] } },
{ "type": "Feature", "properties": { "settlement_class": "town" }, "geometry": { "type": "Point", "coordinates": [ 31.122222, -29.560833 ] } },
{ "type": "Feature", "properties": { "settlement_class": "town" }, "geometry": { "type": "Point", "coordinates": [ 20.033611, -33.337778 ] } },
{ "type": "Feature", "properties": { "settlement_class": "town" }, "geometry": { "type": "Point", "coordinates": [ 31.1680556, -25.0777778 ] } },
{ "type": "Feature", "properties": { "settlement_class": "town" }, "geometry": { "type": "Point", "coordinates": [ 30.7922222, -24.6627778 ] } },
{ "type": "Feature", "properties": { "settlement_class": "town" }, "geometry": { "type": "Point", "coordinates": [ 27.3213889, -25.4677778 ] } },
{ "type": "Feature", "properties": { "settlement_class": "town" }, "geometry": { "type": "Point", "coordinates": [ 30.9763889, -24.7711111 ] } },
{ "type": "Feature", "properties": { "settlement_class": "town" }, "geometry": { "type": "Point", "coordinates": [ 28.516111, -27.556111 ] } },
{ "type": "Feature", "properties": { "settlement_class": "town" }, "geometry": { "type": "Point", "coordinates": [ 27.030391, -29.185047 ] } },
{ "type": "Feature", "properties": { "settlement_class": "town" }, "geometry": { "type": "Point", "coordinates": [ 31.4294444, -28.2919443 ] } },
{ "type": "Feature", "properties": { "settlement_class": "town" }, "geometry": { "type": "Point", "coordinates": [ 30.9125, -30.0225 ] } },
{ "type": "Feature", "properties": { "settlement_class": "town" }, "geometry": { "type": "Point", "coordinates": [ 31.0827778, -29.73 ] } },
{ "type": "Feature", "properties": { "settlement_class": "town" }, "geometry": { "type": "Point", "coordinates": [ 30.796111, -30.206389 ] } },
{ "type": "Feature", "properties": { "settlement_class": "town" }, "geometry": { "type": "Point", "coordinates": [ 30.900278, -29.9525 ] } },
{ "type": "Feature", "properties": { "settlement_class": "city" }, "geometry": { "type": "Point", "coordinates": [ 28.787774, -31.5895919 ] } },
{ "type": "Feature", "properties": { "settlement_class": "town" }, "geometry": { "type": "Point", "coordinates": [ 28.120833, -24.298056 ] } },
{ "type": "Feature", "properties": { "settlement_class": "town" }, "geometry": { "type": "Point", "coordinates": [ 21.8241667, -30.3513889 ] } },
{ "type": "Feature", "properties": { "settlement_class": "town" }, "geometry": { "type": "Point", "coordinates": [ 27.836271, -26.706891 ] } },
{ "type": "Feature", "properties": { "settlement_class": "town" }, "geometry": { "type": "Point", "coordinates": [ 18.7416667, -31.6088889 ] } },
{ "type": "Feature", "properties": { "settlement_class": "town" }, "geometry": { "type": "Point", "coordinates": [ 31.043056, -29.643889 ] } },
{ "type": "Feature", "properties": { "settlement_class": "town" }, "geometry": { "type": "Point", "coordinates": [ 25.4925, -30.5930556 ] } },
{ "type": "Feature", "properties": { "settlement_class": "town" }, "geometry": { "type": "Point", "coordinates": [ 26.775556, -27.095833 ] } },
{ "type": "Feature", "properties": { "settlement_class": "town" }, "geometry": { "type": "Point", "coordinates": [ 26.948056, -27.208333 ] } },
{ "type": "Feature", "properties": { "settlement_class": "town" }, "geometry": { "type": "Point", "coordinates": [ 28.600826, -27.029719 ] } },
{ "type": "Feature", "properties": { "settlement_class": "town" }, "geometry": { "type": "Point", "coordinates": [ 22.0875, -33.652778 ] } },
{ "type": "Feature", "properties": { "settlement_class": "town" }, "geometry": { "type": "Point", "coordinates": [ 22.879661, -30.575136 ] } },
{ "type": "Feature", "properties": { "settlement_class": "town" }, "geometry": { "type": "Point", "coordinates": [ 27.365556, -27.005 ] } },
{ "type": "Feature", "properties": { "settlement_class": "town" }, "geometry": { "type": "Point", "coordinates": [ 18.492222, -31.679444 ] } },
{ "type": "Feature", "properties": { "settlement_class": "town" }, "geometry": { "type": "Point", "coordinates": [ 28.2047222, -32.3136111 ] } },
{ "type": "Feature", "properties": { "settlement_class": "town" }, "geometry": { "type": "Point", "coordinates": [ 24.8497222, -28.1113889 ] } },
{ "type": "Feature", "properties": { "settlement_class": "town" }, "geometry": { "type": "Point", "coordinates": [ 27.036538, -29.728921 ] } },
{ "type": "Feature", "properties": { "settlement_class": "town" }, "geometry": { "type": "Point", "coordinates": [ 26.364722, -27.853889 ] } },
{ "type": "Feature", "properties": { "settlement_class": "town" }, "geometry": { "type": "Point", "coordinates": [ 20.916172, -31.33903 ] } },
{ "type": "Feature", "properties": { "settlement_class": "town" }, "geometry": { "type": "Point", "coordinates": [ 20.846111, -34.394444 ] } },
{ "type": "Feature", "properties": { "settlement_class": "town" }, "geometry": { "type": "Point", "coordinates": [ 24.8269444, -33.2941667 ] } },
{ "type": "Feature", "properties": { "settlement_class": "town" }, "geometry": { "type": "Point", "coordinates": [ 27.3213889, -32.6741667 ] } },
{ "type": "Feature", "properties": { "settlement_class": "town" }, "geometry": { "type": "Point", "coordinates": [ 27.2872222, -32.6697222 ] } },
{ "type": "Feature", "properties": { "settlement_class": "town" }, "geometry": { "type": "Point", "coordinates": [ 28.1988889, -32.3347222 ] } },
{ "type": "Feature", "properties": { "settlement_class": "town" }, "geometry": { "type": "Point", "coordinates": [ 27.4234156, -32.9204665 ] } },
{ "type": "Feature", "properties": { "settlement_class": "town" }, "geometry": { "type": "Point", "coordinates": [ 23.5521984, -28.1865035 ] } },
{ "type": "Feature", "properties": { "settlement_class": "town" }, "geometry": { "type": "Point", "coordinates": [ 27.547809, -26.000223 ] } },
{ "type": "Feature", "properties": { "settlement_class": "city" }, "geometry": { "type": "Point", "coordinates": [ 29.4613889, -23.9058333 ] } },
{ "type": "Feature", "properties": { "settlement_class": "town" }, "geometry": { "type": "Point", "coordinates": [ 31.0102242, -25.4556491 ] } },
{ "type": "Feature", "properties": { "settlement_class": "town" }, "geometry": { "type": "Point", "coordinates": [ 23.2528532, -28.8482043 ] } },
{ "type": "Feature", "properties": { "settlement_class": "town" }, "geometry": { "type": "Point", "coordinates": [ 31.237079, -29.502072 ] } },
{ "type": "Feature", "properties": { "settlement_class": "town" }, "geometry": { "type": "Point", "coordinates": [ 31.2045764, -29.4992954 ] } },
{ "type": "Feature", "properties": { "settlement_class": "town" }, "geometry": { "type": "Point", "coordinates": [ 27.027854, -27.973769 ] } },
{ "type": "Feature", "properties": { "settlement_class": "town" }, "geometry": { "type": "Point", "coordinates": [ 31.076339, -23.865242 ] } },
{ "type": "Feature", "properties": { "settlement_class": "town" }, "geometry": { "type": "Point", "coordinates": [ 29.4326853, -24.7311914 ] } },
{ "type": "Feature", "properties": { "settlement_class": "town" }, "geometry": { "type": "Point", "coordinates": [ 29.6518665, -24.5687556 ] } },
{ "type": "Feature", "properties": { "settlement_class": "town" }, "geometry": { "type": "Point", "coordinates": [ 25.3978174, -33.7678979 ] } },
{ "type": "Feature", "properties": { "settlement_class": "town" }, "geometry": { "type": "Point", "coordinates": [ 25.5109406, -33.8722971 ] } },
{ "type": "Feature", "properties": { "settlement_class": "town" }, "geometry": { "type": "Point", "coordinates": [ 27.215609, -30.711933 ] } },
{ "type": "Feature", "properties": { "settlement_class": "town" }, "geometry": { "type": "Point", "coordinates": [ 30.1902242, -28.5190956 ] } },
{ "type": "Feature", "properties": { "settlement_class": "town" }, "geometry": { "type": "Point", "coordinates": [ 28.8163126, -28.534154 ] } },
{ "type": "Feature", "properties": { "settlement_class": "town" }, "geometry": { "type": "Point", "coordinates": [ 26.783249, -26.842989 ] } },
{ "type": "Feature", "properties": { "settlement_class": "town" }, "geometry": { "type": "Point", "coordinates": [ 26.8670544, -26.8507289 ] } },
{ "type": "Feature", "properties": { "settlement_class": "town" }, "geometry": { "type": "Point", "coordinates": [ 27.80339, -26.1901021 ] } },
{ "type": "Feature", "properties": { "settlement_class": "town" }, "geometry": { "type": "Point", "coordinates": [ 26.8018332, -29.1937744 ] } },
{ "type": "Feature", "properties": { "settlement_class": "city" }, "geometry": { "type": "Point", "coordinates": [ 26.832217, -29.197875 ] } },
{ "type": "Feature", "properties": { "settlement_class": "town" }, "geometry": { "type": "Point", "coordinates": [ 26.858521, -29.2205322 ] } },
{ "type": "Feature", "properties": { "settlement_class": "town" }, "geometry": { "type": "Point", "coordinates": [ 26.8412649, -29.2314656 ] } },
{ "type": "Feature", "properties": { "settlement_class": "town" }, "geometry": { "type": "Point", "coordinates": [ 26.8542295, -29.2208318 ] } },
{ "type": "Feature", "properties": { "settlement_class": "town" }, "geometry": { "type": "Point", "coordinates": [ 23.47036, -28.363628 ] } },
{ "type": "Feature", "properties": { "settlement_class": "town" }, "geometry": { "type": "Point", "coordinates": [ 27.9459561, -23.0010874 ] } },
{ "type": "Feature", "properties": { "settlement_class": "town" }, "geometry": { "type": "Point", "coordinates": [ 23.048485, -34.035734 ] } },
{ "type": "Feature", "properties": { "settlement_class": "town" }, "geometry": { "type": "Point", "coordinates": [ 28.7045271, -25.4262165 ] } },
{ "type": "Feature", "properties": { "settlement_class": "town" }, "geometry": { "type": "Point", "coordinates": [ 26.669209, -29.583007 ] } },
{ "type": "Feature", "properties": { "settlement_class": "town" }, "geometry": { "type": "Point", "coordinates": [ 26.5306135, -30.2131422 ] } },
{ "type": "Feature", "properties": { "settlement_class": "town" }, "geometry": { "type": "Point", "coordinates": [ 27.099563, -30.293243 ] } },
{ "type": "Feature", "properties": { "settlement_class": "town" }, "geometry": { "type": "Point", "coordinates": [ 27.1535063, -29.5082113 ] } },
{ "type": "Feature", "properties": { "settlement_class": "town" }, "geometry": { "type": "Point", "coordinates": [ 27.8791588, -28.9011929 ] } },
{ "type": "Feature", "properties": { "settlement_class": "town" }, "geometry": { "type": "Point", "coordinates": [ 27.031355, -29.1962401 ] } },
{ "type": "Feature", "properties": { "settlement_class": "town" }, "geometry": { "type": "Point", "coordinates": [ 27.1342023, -30.613987 ] } },
{ "type": "Feature", "properties": { "settlement_class": "town" }, "geometry": { "type": "Point", "coordinates": [ 27.094797, -30.5890319 ] } },
{ "type": "Feature", "properties": { "settlement_class": "town" }, "geometry": { "type": "Point", "coordinates": [ 27.1222727, -30.6218916 ] } },
{ "type": "Feature", "properties": { "settlement_class": "town" }, "geometry": { "type": "Point", "coordinates": [ 27.0978234, -30.5965158 ] } },
{ "type": "Feature", "properties": { "settlement_class": "town" }, "geometry": { "type": "Point", "coordinates": [ 27.1182242, -30.6024539 ] } },
{ "type": "Feature", "properties": { "settlement_class": "town" }, "geometry": { "type": "Point", "coordinates": [ 27.195797, -30.6068187 ] } },
{ "type": "Feature", "properties": { "settlement_class": "town" }, "geometry": { "type": "Point", "coordinates": [ 32.756033, -26.988287 ] } },
{ "type": "Feature", "properties": { "settlement_class": "town" }, "geometry": { "type": "Point", "coordinates": [ 30.6946597, -23.002718 ] } },
{ "type": "Feature", "properties": { "settlement_class": "town" }, "geometry": { "type": "Point", "coordinates": [ 24.65881, -30.080711 ] } },
{ "type": "Feature", "properties": { "settlement_class": "city" }, "geometry": { "type": "Point", "coordinates": [ 26.737969, -27.982298 ] } },
{ "type": "Feature", "properties": { "settlement_class": "town" }, "geometry": { "type": "Point", "coordinates": [ 28.7919388, -30.262567 ] } },
{ "type": "Feature", "properties": { "settlement_class": "town" }, "geometry": { "type": "Point", "coordinates": [ 22.1536248, -34.1832022 ] } },
{ "type": "Feature", "properties": { "settlement_class": "town" }, "geometry": { "type": "Point", "coordinates": [ 31.7867367, -25.6895831 ] } },
{ "type": "Feature", "properties": { "settlement_class": "town" }, "geometry": { "type": "Point", "coordinates": [ 31.8554111, -25.6698007 ] } },
{ "type": "Feature", "properties": { "settlement_class": "town" }, "geometry": { "type": "Point", "coordinates": [ 30.2056494, -24.7315723 ] } },
{ "type": "Feature", "properties": { "settlement_class": "town" }, "geometry": { "type": "Point", "coordinates": [ 30.386548, -23.890794 ] } },
{ "type": "Feature", "properties": { "settlement_class": "town" }, "geometry": { "type": "Point", "coordinates": [ 22.030331, -33.222626 ] } },
{ "type": "Feature", "properties": { "settlement_class": "town" }, "geometry": { "type": "Point", "coordinates": [ 28.217964, -25.868388 ] } },
{ "type": "Feature", "properties": { "settlement_class": "town" }, "geometry": { "type": "Point", "coordinates": [ 27.0922376, -25.3437507 ] } },
{ "type": "Feature", "properties": { "settlement_class": "town" }, "geometry": { "type": "Point", "coordinates": [ 25.1807695, -26.3892465 ] } },
{ "type": "Feature", "properties": { "settlement_class": "town" }, "geometry": { "type": "Point", "coordinates": [ 26.608631, -24.93403 ] } },
{ "type": "Feature", "properties": { "settlement_class": "city" }, "geometry": { "type": "Point", "coordinates": [ 24.7642251, -28.7383012 ] } },
{ "type": "Feature", "properties": { "settlement_class": "town" }, "geometry": { "type": "Point", "coordinates": [ 27.8463264, -26.4149377 ] } },
{ "type": "Feature", "properties": { "settlement_class": "town" }, "geometry": { "type": "Point", "coordinates": [ 23.354512, -27.3115746 ] } },
{ "type": "Feature", "properties": { "settlement_class": "town" }, "geometry": { "type": "Point", "coordinates": [ 23.3482847, -26.7894724 ] } },
{ "type": "Feature", "properties": { "settlement_class": "town" }, "geometry": { "type": "Point", "coordinates": [ 29.8876994, -28.6323551 ] } },
{ "type": "Feature", "properties": { "settlement_class": "town" }, "geometry": { "type": "Point", "coordinates": [ 29.975758, -27.132587 ] } },
{ "type": "Feature", "properties": { "settlement_class": "town" }, "geometry": { "type": "Point", "coordinates": [ 29.9423104, -22.8705739 ] } },
{ "type": "Feature", "properties": { "settlement_class": "town" }, "geometry": { "type": "Point", "coordinates": [ 30.4596582, -22.9676429 ] } },
{ "type": "Feature", "properties": { "settlement_class": "town" }, "geometry": { "type": "Point", "coordinates": [ 29.0168219, -25.4807404 ] } },
{ "type": "Feature", "properties": { "settlement_class": "town" }, "geometry": { "type": "Point", "coordinates": [ 24.720523, -27.4116449 ] } },
{ "type": "Feature", "properties": { "settlement_class": "town" }, "geometry": { "type": "Point", "coordinates": [ 22.204206, -33.5902954 ] } },
{ "type": "Feature", "properties": { "settlement_class": "city" }, "geometry": { "type": "Point", "coordinates": [ 28.0545147, -26.1045525 ] } },
{ "type": "Feature", "properties": { "settlement_class": "town" }, "geometry": { "type": "Point", "coordinates": [ 28.9541337, -22.9945419 ] } },
{ "type": "Feature", "properties": { "settlement_class": "town" }, "geometry": { "type": "Point", "coordinates": [ 29.7193749, -23.884176 ] } },
{ "type": "Feature", "properties": { "settlement_class": "town" }, "geometry": { "type": "Point", "coordinates": [ 29.7892337, -23.9393832 ] } },
{ "type": "Feature", "properties": { "settlement_class": "town" }, "geometry": { "type": "Point", "coordinates": [ 29.6627073, -23.9826577 ] } },
{ "type": "Feature", "properties": { "settlement_class": "town" }, "geometry": { "type": "Point", "coordinates": [ 29.8099841, -24.0212787 ] } },
{ "type": "Feature", "properties": { "settlement_class": "town" }, "geometry": { "type": "Point", "coordinates": [ 29.4788164, -24.1988156 ] } },
{ "type": "Feature", "properties": { "settlement_class": "town" }, "geometry": { "type": "Point", "coordinates": [ 27.9149074, -24.5299146 ] } },
{ "type": "Feature", "properties": { "settlement_class": "town" }, "geometry": { "type": "Point", "coordinates": [ 29.8330813, -30.4857415 ] } },
{ "type": "Feature", "properties": { "settlement_class": "town" }, "geometry": { "type": "Point", "coordinates": [ 19.2569444, -32.5005556 ] } },
{ "type": "Feature", "properties": { "settlement_class": "town" }, "geometry": { "type": "Point", "coordinates": [ 28.3808295, -25.7158053 ] } },
{ "type": "Feature", "properties": { "settlement_class": "town" }, "geometry": { "type": "Point", "coordinates": [ 30.9002801, -29.9524924 ] } },
{ "type": "Feature", "properties": { "settlement_class": "town" }, "geometry": { "type": "Point", "coordinates": [ 27.8759645, -25.8024806 ] } },
{ "type": "Feature", "properties": { "settlement_class": "town" }, "geometry": { "type": "Point", "coordinates": [ 28.0105905, -25.9309502 ] } },
{ "type": "Feature", "properties": { "settlement_class": "town" }, "geometry": { "type": "Point", "coordinates": [ 29.1379755, -23.2852698 ] } },
{ "type": "Feature", "properties": { "settlement_class": "town" }, "geometry": { "type": "Point", "coordinates": [ 30.0956528, -23.2033875 ] } },
{ "type": "Feature", "properties": { "settlement_class": "town" }, "geometry": { "type": "Point", "coordinates": [ 30.7204003, -22.9369282 ] } },
{ "type": "Feature", "properties": { "settlement_class": "town" }, "geometry": { "type": "Point", "coordinates": [ 30.6493787, -23.0379481 ] } },
{ "type": "Feature", "properties": { "settlement_class": "town" }, "geometry": { "type": "Point", "coordinates": [ 30.7144804, -23.0448322 ] } },
{ "type": "Feature", "properties": { "settlement_class": "town" }, "geometry": { "type": "Point", "coordinates": [ 30.6984545, -23.0037093 ] } },
{ "type": "Feature", "properties": { "settlement_class": "town" }, "geometry": { "type": "Point", "coordinates": [ 27.0708751, -24.9478128 ] } },
{ "type": "Feature", "properties": { "settlement_class": "town" }, "geometry": { "type": "Point", "coordinates": [ 27.078184, -24.9178451 ] } },
{ "type": "Feature", "properties": { "settlement_class": "town" }, "geometry": { "type": "Point", "coordinates": [ 30.1013299, -23.2004918 ] } },
{ "type": "Feature", "properties": { "settlement_class": "town" }, "geometry": { "type": "Point", "coordinates": [ 30.1744328, -23.1828512 ] } },
{ "type": "Feature", "properties": { "settlement_class": "town" }, "geometry": { "type": "Point", "coordinates": [ 30.1317714, -23.1997104 ] } },
{ "type": "Feature", "properties": { "settlement_class": "town" }, "geometry": { "type": "Point", "coordinates": [ 30.2627526, -23.2151282 ] } },
{ "type": "Feature", "properties": { "settlement_class": "town" }, "geometry": { "type": "Point", "coordinates": [ 30.0614148, -23.2223695 ] } },
{ "type": "Feature", "properties": { "settlement_class": "town" }, "geometry": { "type": "Point", "coordinates": [ 29.0410425, -23.4745313 ] } },
{ "type": "Feature", "properties": { "settlement_class": "town" }, "geometry": { "type": "Point", "coordinates": [ 31.3980551, -28.5866281 ] } },
{ "type": "Feature", "properties": { "settlement_class": "town" }, "geometry": { "type": "Point", "coordinates": [ 25.3945454, -33.8080043 ] } },
{ "type": "Feature", "properties": { "settlement_class": "town" }, "geometry": { "type": "Point", "coordinates": [ 31.6834303, -25.6450147 ] } },
{ "type": "Feature", "properties": { "settlement_class": "town" }, "geometry": { "type": "Point", "coordinates": [ 22.105054, -29.4056469 ] } },
{ "type": "Feature", "properties": { "settlement_class": "town" }, "geometry": { "type": "Point", "coordinates": [ 23.4347857, -27.4601585 ] } },
{ "type": "Feature", "properties": { "settlement_class": "town" }, "geometry": { "type": "Point", "coordinates": [ 20.0541365, -34.8041134 ] } },
{ "type": "Feature", "properties": { "settlement_class": "town" }, "geometry": { "type": "Point", "coordinates": [ 27.9645114, -30.7951773 ] } },
{ "type": "Feature", "properties": { "settlement_class": "city" }, "geometry": { "type": "Point", "coordinates": [ 28.0020276, -26.0915852 ] } },
{ "type": "Feature", "properties": { "settlement_class": "town" }, "geometry": { "type": "Point", "coordinates": [ 27.6393972, -24.919625 ] } },
{ "type": "Feature", "properties": { "settlement_class": "town" }, "geometry": { "type": "Point", "coordinates": [ 27.9320667, -26.5019666 ] } },
{ "type": "Feature", "properties": { "settlement_class": "town" }, "geometry": { "type": "Point", "coordinates": [ 31.6480375, -27.9106662 ] } },
{ "type": "Feature", "properties": { "settlement_class": "town" }, "geometry": { "type": "Point", "coordinates": [ 30.0586899, -30.1535376 ] } },
{ "type": "Feature", "properties": { "settlement_class": "town" }, "geometry": { "type": "Point", "coordinates": [ 17.8491921, -31.0443941 ] } }
]
}
